ID,cible_churn,z_CDSEXE,z_MTREV,z_NBENF,z_CDTMT,z_CDCATCL,z_BPADH,z_age_2007,z_anciennete_adh_ans,mm_CDSEXE,mm_MTREV,mm_NBENF,mm_CDTMT,mm_CDCATCL,mm_BPADH,mm_age_2007,mm_anciennete_adh_ans,sit_A,sit_B,sit_C,sit_D,sit_E,sit_F,sit_G,sit_M,sit_P,sit_S,sit_U,sit_V,mot_DA,mot_DC,mot_DV,mot_RA,mot___MANQUANT__
1,0,-2.2877277858299485,-0.5506112457710796,-0.5109013763616733,-1.1964747554307154,11.568983173048895,-0.7834658778418692,0.024986065562365205,-0.5382587391518783,0.0,0.0,0.0,0.0,1.0,0.0,0.47317968590658777,0.17132113034341648,1,0,0,0,0,0,0,0,0,0,0,0,0,0,0,0,1
2,0,-0.9093286682807151,-0.5506112457710796,-0.5109013763616733,0.7727860943644208,-0.48741393741806377,-0.22041223759506579,1.8914298854738327,2.594792025265774,0.3333333333333333,0.0,0.0,0.3333333333333333,0.0,0.12158133360333907,0.639174994901081,0.7928994082840236,0,0,0,0,0,0,0,1,0,0,0,0,0,0,0,0,1
3,0,0.4690704492685181,0.6802692846322917,-0.5109013763616733,0.7727860943644208,-0.48741393741806377,0.09219272599157437,0.024986065562365205,2.399951946588911,0.6666666666666667,0.03967406867466743,0.0,0.3333333333333333,0.0,0.18908276800882018,0.47317968590658777,0.7542443178676105,0,0,0,0,0,0,0,1,0,0,0,0,0,0,0,0,1
4,0,-0.9093286682807151,-0.5506112457710796,-0.5109013763616733,-1.1964747554307154,1.0196357013903061,-0.22041223759506579,2.7052578696127756,2.359255735592027,0.3333333333333333,0.0,0.0,0.0,0.125,0.12158133360333907,0.7115541505200897,0.7461704363214068,1,0,0,0,0,0,0,0,0,0,0,0,0,1,0,0,0
5,0,-0.9093286682807151,0.8401868338579266,-0.5109013763616733,0.7727860943644208,-0.48741393741806377,-0.22041223759506579,0.024986065562365205,2.358976994420815,0.3333333333333333,0.04482857365995887,0.0,0.3333333333333333,0.0,0.12158133360333907,0.47317968590658777,0.7461151357628711,0,0,0,0,0,0,1,0,0,0,0,0,0,0,0,0,1
6,0,0.4690704492685181,-0.5506112457710796,-0.5109013763616733,0.7727860943644208,-0.48741393741806377,-0.05889967307530171,2.1090048907438073,2.2653199608937395,0.6666666666666667,0.0,0.0,0.3333333333333333,0.0,0.15645707471283765,0.6585253926167652,0.7275341480948958,0,0,0,1,0,0,0,0,0,0,0,0,0,0,0,0,1
7,0,0.4690704492685181,-0.5506112457710796,-0.5109013763616733,-1.1964747554307154,-0.48741393741806377,-0.19436182396284576,0.024986065562365205,2.2393970319710665,0.6666666666666667,0.0,0.0,0.0,0.0,0.12720645313712917,0.47317968590658777,0.722391196151081,1,0,0,0,0,0,0,0,0,0,0,0,0,0,0,0,1
8,1,-0.9093286682807151,-0.5506112457710796,-0.5109013763616733,-1.1964747554307154,1.0196357013903061,-0.22041223759506579,2.486249563912827,2.1460187396152026,0.3333333333333333,0.0,0.0,0.0,0.125,0.12158133360333907,0.6920762798286763,0.7038655090416412,0,1,0,0,0,0,0,0,0,0,0,0,0,0,1,0,0
9,0,1.8474695668177514,2.9223456313512934,-0.5109013763616733,0.7727860943644208,-0.48741393741806377,0.09219272599157437,0.024986065562365205,1.6626815487344015,1.0,0.11194126988259183,0.0,0.3333333333333333,0.0,0.18908276800882018,0.47317968590658777,0.6079743405408394,0,0,1,0,0,0,0,0,0,0,0,0,0,0,0,0,1
10,1,0.4690704492685181,-0.5506112457710796,-0.5109013763616733,-1.1964747554307154,1.0196357013903061,0.09219272599157437,0.024986065562365205,1.3772505894137894,0.6666666666666667,0.0,0.0,0.0,0.125,0.18908276800882018,0.47317968590658777,0.5513465686003428,1,0,0,0,0,0,0,0,0,0,0,0,0,0,1,0,0
11,0,0.4690704492685181,0.9863740884530776,-0.5109013763616733,0.7727860943644208,-0.48741393741806377,-0.22041223759506579,0.024986065562365205,1.3669371660789627,0.6666666666666667,0.04954052013641215,0.0,0.3333333333333333,0.0,0.12158133360333907,0.47317968590658777,0.549300447934524,0,0,0,0,0,0,1,0,0,0,0,0,0,0,0,0,1
12,0,-0.9093286682807151,-0.5506112457710796,2.8900264562993567,0.7727860943644208,-0.48741393741806377,-0.22041223759506579,0.024986065562365205,1.3095164848093865,0.3333333333333333,0.0,0.23076923076923078,0.3333333333333333,0.0,0.12158133360333907,0.47317968590658777,0.537908532876182,0,0,0,0,0,0,0,1,0,0,0,0,0,0,0,0,1
13,1,0.4690704492685181,-0.5506112457710796,-0.5109013763616733,-1.1964747554307154,1.0196357013903061,-0.19436182396284576,0.024986065562365205,1.290004602824579,0.6666666666666667,0.0,0.0,0.0,0.125,0.12720645313712917,0.47317968590658777,0.5340374937786871,0,0,0,0,0,0,0,1,0,0,0,0,0,0,1,0,0
14,0,0.4690704492685181,-0.5506112457710796,-0.5109013763616733,-1.1964747554307154,-0.48741393741806377,-0.19436182396284576,0.22736808627462105,1.2780187324624832,0.6666666666666667,0.0,0.0,0.0,0.0,0.12720645313712917,0.49117887007954314,0.5316595697616546,1,0,0,0,0,0,0,0,0,0,0,0,0,0,0,0,1
15,0,-0.9093286682807151,-0.5506112457710796,-0.5109013763616733,-1.1964747554307154,-0.48741393741806377,-0.19436182396284576,0.024986065562365205,1.2741163560655215,0.3333333333333333,0.0,0.0,0.0,0.0,0.12720645313712917,0.47317968590658777,0.5308853619421556,1,0,0,0,0,0,0,0,0,0,0,0,0,0,0,0,1
16,0,0.4690704492685181,-0.5506112457710796,1.7563838454123466,0.7727860943644208,-0.48741393741806377,-0.22041223759506579,-0.07047174307386811,1.2111208513717147,0.6666666666666667,0.0,0.15384615384615385,0.3333333333333333,0.0,0.12158133360333907,0.4646899857230267,0.5183874357131006,0,0,0,0,0,0,0,1,0,0,0,0,0,0,0,0,1
17,0,1.8474695668177514,-0.5506112457710796,-0.5109013763616733,0.7727860943644208,-0.48741393741806377,-0.22041223759506579,0.48708212418581615,1.1991349810096186,1.0,0.0,0.0,0.3333333333333333,0.0,0.12158133360333907,0.5142769732816643,0.5160095116960681,0,0,1,0,0,0,0,0,0,0,0,0,0,0,0,0,1
18,0,0.4690704492685181,0.8531094640983818,0.6227412345253366,0.7727860943644208,-0.48741393741806377,-0.22041223759506579,0.024986065562365205,1.1135614414476775,0.6666666666666667,0.045245099315335956,0.07692307692307693,0.3333333333333333,0.0,0.12158133360333907,0.47317968590658777,0.4990322402256263,0,0,0,0,0,0,0,1,0,0,0,0,0,0,0,0,1
19,0,1.8474695668177514,-0.5506112457710796,-0.5109013763616733,0.7727860943644208,-0.48741393741806377,-0.22041223759506579,0.30390632923520483,1.0240855254887746,1.0,0.0,0.0,0.3333333333333333,0.0,0.12158133360333907,0.4979859269834795,0.48128076093568545,0,0,1,0,0,0,0,0,0,0,0,0,0,0,0,0,1
20,0,-0.9093286682807151,-0.5506112457710796,-0.5109013763616733,-1.1964747554307154,-0.48741393741806377,-0.07974000398107772,0.024986065562365205,2.4158401933479685,0.3333333333333333,0.0,0.0,0.0,0.0,0.15195697908580558,0.47317968590658777,0.757396449704142,1,0,0,0,0,0,0,0,0,0,0,0,0,0,0,0,1
21,0,-0.9093286682807151,2.80361896601711,0.6227412345253366,0.7727860943644208,-0.48741393741806377,-0.2568828166801738,0.024986065562365205,1.8530617686718798,0.3333333333333333,0.10811444042381485,0.07692307692307693,0.3333333333333333,0.0,0.11370616625603294,0.47317968590658777,0.6457446220206824,0,0,0,0,0,0,0,1,0,0,0,0,0,0,0,0,1
22,0,-0.9093286682807151,-0.5506112457710796,-0.5109013763616733,-1.1964747554307154,-0.48741393741806377,-0.2568828166801738,0.024986065562365205,1.8031670990250148,0.3333333333333333,0.0,0.0,0.0,0.0,0.11370616625603294,0.47317968590658777,0.6358458220428026,1,0,0,0,0,0,0,0,0,0,0,0,0,1,0,0,0
23,0,-0.9093286682807151,-0.5506112457710796,-0.5109013763616733,-1.1964747554307154,-0.48741393741806377,-0.2568828166801738,0.024986065562365205,1.7738992760478038,0.3333333333333333,0.0,0.0,0.0,0.0,0.11370616625603294,0.47317968590658777,0.6300392633965602,0,0,0,0,0,0,0,1,0,0,0,0,0,1,0,0,0
24,0,-0.9093286682807151,1.1818288708399647,0.6227412345253366,0.7727860943644208,-0.48741393741806377,-0.2464626512272858,0.024986065562365205,1.568745774036114,0.3333333333333333,0.055840470673990575,0.07692307692307693,0.3333333333333333,0.0,0.11595621406954898,0.47317968590658777,0.5893380523143283,0,0,0,0,0,0,0,1,0,0,0,0,0,0,0,0,1
25,0,0.4690704492685181,-0.5506112457710796,-0.5109013763616733,0.7727860943644208,-0.48741393741806377,-0.07974000398107772,0.024986065562365205,1.5626134682694601,0.6666666666666667,0.0,0.0,0.3333333333333333,0.0,0.15195697908580558,0.47317968590658777,0.5881214400265442,0,0,0,0,0,0,0,1,0,0,0,0,0,0,0,0,1
26,0,-0.9093286682807151,-0.5506112457710796,-0.5109013763616733,-1.1964747554307154,-0.48741393741806377,-0.2464626512272858,1.7779124914199327,1.5180148808756146,0.3333333333333333,0.0,0.0,0.0,0.0,0.11595621406954898,0.6290791352233326,0.5792733506608416,1,0,0,0,0,0,0,0,0,0,0,0,0,0,0,0,1
27,0,-0.9093286682807151,-0.5506112457710796,-0.5109013763616733,0.7727860943644208,-0.48741393741806377,0.04009189872713434,0.024986065562365205,1.5177361397044031,0.3333333333333333,0.0,0.0,0.3333333333333333,0.0,0.17783252894124,0.47317968590658777,0.579218050102306,0,0,0,0,0,0,0,1,0,0,0,0,0,0,0,0,1
28,0,0.4690704492685181,-0.5506112457710796,-0.5109013763616733,-1.1964747554307154,-0.48741393741806377,-0.7834658778418692,0.024986065562365205,1.4940431401514227,0.6666666666666667,0.0,0.0,0.0,0.0,0.0,0.47317968590658777,0.5745175026267765,1,0,0,0,0,0,0,0,0,0,0,0,0,0,0,0,1
29,0,0.4690704492685181,-0.5506112457710796,-0.5109013763616733,0.7727860943644208,-0.48741393741806377,-0.2568828166801738,0.024986065562365205,1.4803848227620575,0.6666666666666667,0.0,0.0,0.3333333333333333,0.0,0.11370616625603294,0.47317968590658777,0.5718077752585301,0,0,0,0,0,0,0,1,0,0,0,0,0,0,0,0,1
30,0,0.4690704492685181,-0.5506112457710796,-0.5109013763616733,-1.1964747554307154,-0.48741393741806377,-0.19436182396284576,0.024986065562365205,1.4683989523999614,0.6666666666666667,0.0,0.0,0.0,0.0,0.12720645313712917,0.47317968590658777,0.5694298512414975,1,0,0,0,0,0,0,0,0,0,0,0,0,0,0,0,1
31,0,-0.9093286682807151,1.0122193489339883,0.6227412345253366,0.7727860943644208,-0.48741393741806377,-0.19436182396284576,1.3677019083615225,1.4469358822166734,0.3333333333333333,0.050373571447166324,0.07692307692307693,0.3333333333333333,0.0,0.12720645313712917,0.5925963695696512,0.5651717082342531,0,0,1,0,0,0,0,0,0,0,0,0,0,0,0,0,1
32,0,-0.9093286682807151,0.7093452026733162,0.6227412345253366,0.7727860943644208,-0.48741393741806377,-0.2568828166801738,-0.14815662637843102,1.4090270829319047,0.3333333333333333,0.04061125139926587,0.07692307692307693,0.3333333333333333,0.0,0.11370616625603294,0.45778095043850703,0.557650832273406,0,0,0,0,0,0,0,1,0,0,0,0,0,0,0,0,1
33,0,-0.9093286682807151,1.4733957156402382,1.7563838454123466,0.7727860943644208,-0.48741393741806377,-0.07974000398107772,0.024986065562365205,1.4006648477955586,0.3333333333333333,0.06523833077343608,0.15384615384615385,0.3333333333333333,0.0,0.15195697908580558,0.47317968590658777,0.5559918155173367,0,0,0,0,0,0,0,1,0,0,0,0,0,0,0,0,1
34,0,-0.9093286682807151,1.370822338106624,1.7563838454123466,0.7727860943644208,-0.48741393741806377,-0.2568828166801738,0.9311185973916002,1.3970412125698084,0.3333333333333333,0.061932158383880456,0.15384615384615385,0.3333333333333333,0.0,0.11370616625603294,0.5537681011625535,0.5552729082563733,0,0,0,0,0,0,0,1,0,0,0,0,0,0,0,0,1
35,0,1.8474695668177514,1.5921223809744216,-0.5109013763616733,0.7727860943644208,-0.48741393741806377,-0.07974000398107772,0.024986065562365205,1.3853340833789238,1.0,0.06906516023221305,0.0,0.3333333333333333,0.0,0.15195697908580558,0.47317968590658777,0.5529502847978763,0,0,1,0,0,0,0,0,0,0,0,0,0,0,0,0,1
36,0,0.4690704492685181,-0.5506112457710796,-0.5109013763616733,-1.1964747554307154,-0.48741393741806377,0.1807641323411224,0.024986065562365205,1.364985977880482,0.6666666666666667,0.0,0.0,0.0,0.0,0.2082081744237065,0.47317968590658777,0.5489133440247747,1,0,0,0,0,0,0,0,0,0,0,0,0,0,0,0,1
37,0,0.4690704492685181,0.9266069235909716,-0.5109013763616733,0.7727860943644208,-0.48741393741806377,-0.2360424857743978,2.099831767991977,1.334324449047213,0.6666666666666667,0.04761408898029313,0.0,0.3333333333333333,0.0,0.11820626188306502,0.6577095655720987,0.5428302825858541,0,1,0,0,0,0,0,0,0,0,0,0,0,0,0,0,1
38,0,-0.9093286682807151,-0.5506112457710796,-0.5109013763616733,0.7727860943644208,-0.48741393741806377,-0.07974000398107772,0.024986065562365205,1.3318157785063094,0.3333333333333333,0.0,0.0,0.3333333333333333,0.0,0.15195697908580558,0.47317968590658777,0.5423325775590333,0,0,0,0,0,0,0,1,0,0,0,0,0,0,0,0,1
39,0,0.4690704492685181,-0.5506112457710796,-0.5109013763616733,0.7727860943644208,-0.48741393741806377,-0.07974000398107772,1.719433833877015,1.312861378863925,0.6666666666666667,0.0,0.0,0.3333333333333333,0.0,0.15195697908580558,0.6238782378135835,0.5385721395786097,0,0,0,1,0,0,0,0,0,0,0,0,0,0,0,0,1
40,0,0.4690704492685181,0.9928354035733052,1.7563838454123466,0.7727860943644208,-0.48741393741806377,-0.07974000398107772,0.024986065562365205,1.2646391562443293,0.6666666666666667,0.04974878296410069,0.15384615384615385,0.3333333333333333,0.0,0.15195697908580558,0.47317968590658777,0.5290051429519438,0,0,0,0,0,0,0,1,0,0,0,0,0,0,0,0,1
41,0,0.4690704492685181,-0.5506112457710796,-0.5109013763616733,-1.1964747554307154,-0.48741393741806377,-0.7834658778418692,3.57785117138063,1.1963475692975034,0.6666666666666667,0.0,0.0,0.0,0.0,0.0,0.7891596981439934,0.5154565061107117,1,0,0,0,0,0,0,0,0,0,0,0,0,0,0,0,1
42,0,0.4690704492685181,-0.5506112457710796,-0.5109013763616733,-1.1964747554307154,-0.48741393741806377,-0.07974000398107772,0.024986065562365205,1.1333520646036965,0.6666666666666667,0.0,0.0,0.0,0.0,0.15195697908580558,0.47317968590658777,0.5029585798816568,1,0,0,0,0,0,0,0,0,0,0,0,0,0,0,0,1
43,0,-0.9093286682807151,1.2908635634938066,-0.5109013763616733,0.7727860943644208,-0.48741393741806377,-0.07974000398107772,1.2731040799832727,1.084572359641678,0.3333333333333333,0.05935490589123474,0.0,0.3333333333333333,0.0,0.15195697908580558,0.5841831531715276,0.49328098213791965,0,0,0,0,0,0,0,1,0,0,0,0,0,0,0,0,1
44,0,0.4690704492685181,1.437858482478986,1.7563838454123466,0.7727860943644208,-0.48741393741806377,-0.2568828166801738,0.024986065562365205,1.0711927834235242,0.6666666666666667,0.06409288522114909,0.15384615384615385,0.3333333333333333,0.0,0.11370616625603294,0.47317968590658777,0.4906265553282088,0,0,0,0,1,0,0,0,0,0,0,0,0,0,0,0,1
45,0,-0.9093286682807151,-0.5506112457710796,-0.5109013763616733,0.7727860943644208,-0.48741393741806377,0.1495036359824584,0.024986065562365205,2.8130463623244055,0.3333333333333333,0.0,0.0,0.3333333333333333,0.0,0.2014580309831584,0.47317968590658777,0.8361997456174307,0,0,0,0,0,0,0,1,0,0,0,0,0,0,0,0,1
46,0,-0.9093286682807151,-0.5506112457710796,-0.5109013763616733,0.7727860943644208,-0.48741393741806377,-0.12663074851907374,3.1137484921552168,2.800224268448675,0.3333333333333333,0.0,0.0,0.3333333333333333,0.0,0.1418317639249834,0.7478839486028961,0.8336559199247912,0,0,0,0,0,0,0,0,0,0,0,1,0,0,0,0,1
47,0,-0.9093286682807151,-0.5506112457710796,-0.5109013763616733,0.7727860943644208,-0.48741393741806377,-0.16310132760418175,0.024986065562365205,2.517301979668967,0.3333333333333333,0.0,0.0,0.3333333333333333,0.0,0.13395659657767728,0.47317968590658777,0.7775258530111154,0,0,0,0,0,0,0,1,0,0,0,0,0,0,0,0,1
48,0,0.4690704492685181,0.8151492377670443,-0.5109013763616733,-1.1964747554307154,-0.48741393741806377,-0.19436182396284576,2.066865858102586,2.3600919591056613,0.6666666666666667,0.04402155520266576,0.0,0.0,0.0,0.12720645313712917,0.6547776871303282,0.7463363379970137,1,0,0,0,0,0,0,0,0,0,0,0,0,0,0,0,1
49,0,0.4690704492685181,0.8345331831277273,-0.5109013763616733,0.7727860943644208,-0.48741393741806377,-0.16310132760418175,2.102698368851924,2.0111080127488195,0.6666666666666667,0.04464634368573139,0.0,0.3333333333333333,0.0,0.13395659657767728,0.657964511523557,0.6771000387103909,0,0,0,0,0,0,0,1,0,0,0,0,0,0,0,0,1
50,0,-0.9093286682807151,0.9597211635821384,0.6227412345253366,0.7727860943644208,-0.48741393741806377,-0.16310132760418175,0.7671490282026342,1.855849180383995,0.3333333333333333,0.048681435972196915,0.07692307692307693,0.3333333333333333,0.0,0.13395659657767728,0.5391851927391393,0.6462976276060387,0,0,0,0,0,0,0,1,0,0,0,0,0,0,0,0,1
51,0,0.4690704492685181,-0.5506112457710796,-0.5109013763616733,0.7727860943644208,-0.48741393741806377,-0.16310132760418175,0.7671490282026342,1.7134124418949004,0.6666666666666667,0.0,0.0,0.3333333333333333,0.0,0.13395659657767728,0.5391851927391393,0.6180390421943261,0,0,0,0,0,0,0,1,0,0,0,0,0,0,0,0,1
52,0,-0.9093286682807151,1.0211036572243013,-0.5109013763616733,-1.1964747554307154,-0.48741393741806377,-0.16310132760418175,0.7138302522076208,1.69334307756767,0.3333333333333333,0.05065993283523807,0.0,0.0,0.0,0.13395659657767728,0.5344431980420151,0.61405740197976,0,0,0,0,0,0,0,1,0,0,0,0,0,0,0,0,1
53,0,0.4690704492685181,-0.5506112457710796,-0.5109013763616733,-1.1964747554307154,-0.48741393741806377,-0.16310132760418175,0.024986065562365205,1.4168318357258276,0.6666666666666667,0.0,0.0,0.0,0.0,0.13395659657767728,0.47317968590658777,0.5591992479124039,0,0,0,0,0,0,0,1,0,0,0,0,0,0,0,0,1
54,0,-0.9093286682807151,-0.5506112457710796,-0.5109013763616733,0.7727860943644208,-0.48741393741806377,-0.16310132760418175,1.0449226515314947,1.2950219439063866,0.3333333333333333,0.0,0.0,0.3333333333333333,0.0,0.13395659657767728,0.5638894554354477,0.5350329038323286,0,0,0,0,0,0,0,1,0,0,0,0,0,0,0,0,1
55,1,-0.9093286682807151,-0.5506112457710796,-0.5109013763616733,-1.1964747554307154,1.0196357013903061,-0.16310132760418175,1.6916278055355287,1.2897258616533678,0.3333333333333333,0.0,0.0,0.0,0.125,0.13395659657767728,0.621405262084438,0.5339821932201515,0,0,0,0,0,0,0,1,0,0,0,0,0,0,1,0,0
56,0,-0.9093286682807151,1.3070168512943758,-0.5109013763616733,0.7727860943644208,-0.48741393741806377,-0.16310132760418175,0.024986065562365205,1.203594839749003,0.3333333333333333,0.0598755629604561,0.0,0.3333333333333333,0.0,0.13395659657767728,0.47317968590658777,0.5168943206326383,0,0,1,0,0,0,0,0,0,0,0,0,0,0,0,0,1
57,0,-0.9093286682807151,-0.5506112457710796,-0.5109013763616733,-1.1964747554307154,-0.48741393741806377,-0.16310132760418175,0.024986065562365205,1.1046417239689084,0.3333333333333333,0.0,0.0,0.0,0.0,0.13395659657767728,0.47317968590658777,0.49726262235248575,1,0,0,0,0,0,0,0,0,0,0,0,0,0,0,0,1
58,1,-0.9093286682807151,-0.5506112457710796,-0.5109013763616733,0.7727860943644208,-0.48741393741806377,-0.16310132760418175,0.024986065562365205,1.0920983712643895,0.3333333333333333,0.0,0.0,0.3333333333333333,0.0,0.13395659657767728,0.47317968590658777,0.49477409721838195,1,0,0,0,0,0,0,0,0,0,0,0,0,1,0,0,0
59,0,-0.9093286682807151,-0.5506112457710796,-0.5109013763616733,-1.1964747554307154,-0.48741393741806377,-0.19436182396284576,0.024986065562365205,2.6747907414034846,0.3333333333333333,0.0,0.0,0.0,0.0,0.12720645313712917,0.47317968590658777,0.8087706685837527,1,0,0,0,0,0,0,0,0,0,0,0,0,1,0,0,0
60,0,-0.9093286682807151,-0.5506112457710796,-0.5109013763616733,0.7727860943644208,-0.48741393741806377,-0.11621058306618573,0.024986065562365205,2.1892236211529905,0.3333333333333333,0.0,0.0,0.3333333333333333,0.0,0.14408181173849943,0.47317968590658777,0.7124370956146657,0,0,0,0,0,0,0,1,0,0,0,0,0,0,0,0,1
61,0,-0.9093286682807151,-0.5506112457710796,-0.5109013763616733,0.7727860943644208,-0.48741393741806377,-0.11621058306618573,0.024986065562365205,2.185042503584817,0.3333333333333333,0.0,0.0,0.3333333333333333,0.0,0.14408181173849943,0.47317968590658777,0.711607587236631,0,0,0,0,0,0,0,1,0,0,0,0,0,0,0,0,1
62,0,0.4690704492685181,1.145483973288684,-0.5109013763616733,0.7727860943644208,-0.48741393741806377,-0.11621058306618573,0.024986065562365205,2.1485274101561065,0.6666666666666667,0.054668992268242525,0.0,0.3333333333333333,0.0,0.14408181173849943,0.47317968590658777,0.704363214068462,0,0,0,0,0,0,0,1,0,0,0,0,0,0,0,0,1
63,0,0.4690704492685181,0.9274145879810001,-0.5109013763616733,-1.1964747554307154,-0.48741393741806377,-0.11621058306618573,0.024986065562365205,1.9548022961640894,0.6666666666666667,0.0476401218337542,0.0,0.0,0.0,0.14408181173849943,0.47317968590658777,0.6659293258861914,0,0,0,0,0,0,0,0,0,0,0,1,0,0,0,0,1
64,0,-0.9093286682807151,-0.5506112457710796,-0.5109013763616733,-1.1964747554307154,-0.48741393741806377,-0.19436182396284576,2.6963714069469393,1.9021202148051093,0.3333333333333333,0.0,0.0,0.0,0.0,0.12720645313712917,0.710763818070569,0.6554775203229551,1,0,0,0,0,0,0,0,0,0,0,0,0,0,0,0,1
65,0,-0.9093286682807151,-0.5506112457710796,-0.5109013763616733,0.7727860943644208,1.0196357013903061,-0.11621058306618573,4.578581531588115,1.7886725581220149,0.3333333333333333,0.0,0.0,0.3333333333333333,0.125,0.14408181173849943,0.8781613297980827,0.6329701929989493,1,0,0,0,0,0,0,0,0,0,0,0,0,1,0,0,0
66,1,0.4690704492685181,-0.5506112457710796,-0.5109013763616733,-1.1964747554307154,1.0196357013903061,-0.19436182396284576,2.2603614161490064,1.6947367834237277,0.6666666666666667,0.0,0.0,0.0,0.125,0.12720645313712917,0.671986538853763,0.6143339047724381,1,0,0,0,0,0,0,0,0,0,0,0,0,0,1,0,0
67,0,0.4690704492685181,-0.5506112457710796,-0.5109013763616733,0.7727860943644208,-0.48741393741806377,-0.11621058306618573,2.7571433451778153,1.6228215612511518,0.6666666666666667,0.0,0.0,0.3333333333333333,0.0,0.14408181173849943,0.7161686722414848,0.6000663606702428,0,0,0,0,0,0,0,1,0,0,0,0,0,0,0,0,1
68,0,0.4690704492685181,0.8757240670191787,-0.5109013763616733,0.7727860943644208,-0.48741393741806377,-0.11621058306618573,0.024986065562365205,1.5846340207951715,0.6666666666666667,0.04597401921224585,0.0,0.3333333333333333,0.0,0.14408181173849943,0.47317968590658777,0.5924901841508599,0,0,0,0,0,0,0,1,0,0,0,0,0,0,0,0,1
69,0,1.8474695668177514,1.0744095069661797,0.6227412345253366,0.7727860943644208,-0.48741393741806377,-0.11621058306618573,0.024986065562365205,1.582404091425479,1.0,0.05237810116366855,0.07692307692307693,0.3333333333333333,0.0,0.14408181173849943,0.47317968590658777,0.5920477796825747,0,0,1,0,0,0,0,0,0,0,0,0,0,0,0,0,1
70,0,-0.9093286682807151,1.8368446911530447,0.6227412345253366,0.7727860943644208,-0.48741393741806377,-0.11621058306618573,0.024986065562365205,1.5748780798027677,0.3333333333333333,0.07695311483091662,0.07692307692307693,0.3333333333333333,0.0,0.14408181173849943,0.47317968590658777,0.5905546646021125,0,0,0,0,1,0,0,0,0,0,0,0,0,0,0,0,1
71,0,-0.9093286682807151,-0.5506112457710796,-0.5109013763616733,0.7727860943644208,-0.48741393741806377,-0.11621058306618573,0.024986065562365205,1.4823360109605381,0.3333333333333333,0.0,0.0,0.3333333333333333,0.0,0.14408181173849943,0.47317968590658777,0.5721948791682796,0,0,0,0,0,0,0,0,0,1,0,0,0,0,0,0,1
72,0,0.4690704492685181,-0.5506112457710796,-0.5109013763616733,-1.1964747554307154,-0.48741393741806377,-0.11621058306618573,3.5228124348696492,1.343522907697194,0.6666666666666667,0.0,0.0,0.0,0.0,0.14408181173849943,0.7842647358759943,0.5446552010175303,1,0,0,0,0,0,0,0,0,0,0,0,0,0,0,0,1
73,0,-0.9093286682807151,1.2205967615613307,-0.5109013763616733,0.7727860943644208,-0.48741393741806377,-0.11621058306618573,0.024986065562365205,1.3318157785063094,0.3333333333333333,0.057090047640121835,0.0,0.3333333333333333,0.0,0.14408181173849943,0.47317968590658777,0.5423325775590333,0,0,0,0,0,0,0,1,0,0,0,0,0,0,0,0,1
74,0,0.4690704492685181,-0.5506112457710796,-0.5109013763616733,0.7727860943644208,-0.48741393741806377,-0.11621058306618573,0.024986065562365205,1.3109101906654441,0.6666666666666667,0.0,0.0,0.3333333333333333,0.0,0.14408181173849943,0.47317968590658777,0.5381850356688602,0,0,0,0,0,0,0,1,0,0,0,0,0,0,0,0,1
75,0,-0.9093286682807151,-0.5506112457710796,-0.5109013763616733,0.7727860943644208,-0.48741393741806377,-0.11621058306618573,0.024986065562365205,2.129015528171299,0.3333333333333333,0.0,0.0,0.3333333333333333,0.0,0.14408181173849943,0.47317968590658777,0.7004921749709672,0,0,0,0,0,0,0,1,0,0,0,0,0,0,0,0,1
76,0,0.4690704492685181,-0.5506112457710796,-0.5109013763616733,0.7727860943644208,-0.48741393741806377,-0.19436182396284576,-0.4041440831716945,1.9977284365306658,0.6666666666666667,0.0,0.0,0.3333333333333333,0.0,0.12720645313712917,0.43501427697328166,0.6744456119006801,0,0,0,0,0,0,0,1,0,0,0,0,0,0,0,0,1
77,0,-0.9093286682807151,0.9257992592009432,-0.5109013763616733,0.7727860943644208,-0.48741393741806377,-0.11621058306618573,0.024986065562365205,1.572369409261864,0.3333333333333333,0.04758805612683206,0.0,0.3333333333333333,0.0,0.14408181173849943,0.47317968590658777,0.5900569595752917,0,0,0,0,0,0,0,1,0,0,0,0,0,0,0,0,1
78,0,1.8474695668177514,0.9371065606613416,-0.5109013763616733,0.7727860943644208,-0.48741393741806377,-0.11621058306618573,0.024986065562365205,1.1690309345187728,1.0,0.04795251607528701,0.0,0.3333333333333333,0.0,0.14408181173849943,0.47317968590658777,0.5100370513742188,0,0,1,0,0,0,0,0,0,0,0,0,0,0,0,0,1
79,0,-0.9093286682807151,-0.5506112457710796,-0.5109013763616733,-1.1964747554307154,-0.48741393741806377,-0.19436182396284576,2.0860720838642317,2.2636475138664705,0.3333333333333333,0.0,0.0,0.0,0.0,0.12720645313712917,0.656485825005099,0.7272023447436818,1,0,0,0,0,0,0,0,0,0,0,0,0,0,0,0,1
80,0,0.4690704492685181,-0.5506112457710796,-0.5109013763616733,-1.1964747554307154,-0.48741393741806377,-0.19436182396284576,0.024986065562365205,2.16190698637426,0.6666666666666667,0.0,0.0,0.0,0.0,0.12720645313712917,0.47317968590658777,0.7070176408781729,1,0,0,0,0,0,0,0,0,0,0,0,0,0,0,0,1
81,1,-0.9093286682807151,-0.5506112457710796,-0.5109013763616733,-1.1964747554307154,1.0196357013903061,-0.19436182396284576,2.9474856422782936,2.071316105730511,0.3333333333333333,0.0,0.0,0.0,0.125,0.12720645313712917,0.7330970834183154,0.6890449593540894,1,0,0,0,0,0,0,0,0,0,0,0,0,0,1,0,0
82,0,-0.9093286682807151,-0.5506112457710796,-0.5109013763616733,0.7727860943644208,-0.48741393741806377,-0.19436182396284576,0.024986065562365205,2.044278212122992,0.3333333333333333,0.0,0.0,0.3333333333333333,0.0,0.12720645313712917,0.47317968590658777,0.6836808051761322,0,0,0,0,0,0,0,1,0,0,0,0,0,0,0,0,1
83,0,-0.9093286682807151,0.6608853392716086,-0.5109013763616733,-1.1964747554307154,-0.48741393741806377,-0.19436182396284576,1.2728174198972784,1.9835126367988776,0.3333333333333333,0.0390492801916018,0.0,0.0,0.0,0.12720645313712917,0.5841576585763818,0.6716252834153624,0,0,0,0,0,0,0,1,0,0,0,0,0,0,0,0,1
84,0,-0.9093286682807151,-0.5506112457710796,-0.5109013763616733,0.7727860943644208,-0.48741393741806377,0.029671733274246336,0.024986065562365205,1.9670669076973972,0.3333333333333333,0.0,0.0,0.3333333333333333,0.0,0.17558248112772395,0.47317968590658777,0.6683625504617596,0,0,0,0,0,0,0,1,0,0,0,0,0,0,0,0,1
85,1,1.8474695668177514,-0.5506112457710796,-0.5109013763616733,-1.1964747554307154,-0.48741393741806377,-0.7834658778418692,0.024986065562365205,1.8870681915596865,1.0,0.0,0.0,0.0,0.0,0.0,0.47317968590658777,0.6524912901620306,0,0,1,0,0,0,0,0,0,0,0,0,0,0,1,0,0
86,0,0.4690704492685181,3.863274645734448,-0.5109013763616733,0.7727860943644208,-0.48741393741806377,0.029671733274246336,1.2639309572314423,1.879263438765764,0.6666666666666667,0.1422695441647359,0.0,0.3333333333333333,0.0,0.17558248112772395,0.583367326126861,0.6509428745230327,0,0,1,0,0,0,0,0,0,0,0,0,0,0,0,0,1
87,0,-0.9093286682807151,-0.5506112457710796,-0.5109013763616733,-1.1964747554307154,-0.48741393741806377,-0.19436182396284576,0.024986065562365205,1.6568279841389588,0.3333333333333333,0.0,0.0,0.0,0.0,0.12720645313712917,0.47317968590658777,0.6068130288115909,1,0,0,0,0,0,0,0,0,0,0,0,0,0,0,0,1
88,0,0.4690704492685181,-0.5506112457710796,-0.5109013763616733,-1.1964747554307154,-0.48741393741806377,-0.19436182396284576,1.175926310831071,1.604145902779979,0.6666666666666667,0.0,0.0,0.0,0.0,0.12720645313712917,0.5755404854170916,0.5963612232483547,1,0,0,0,0,0,0,0,0,0,0,0,0,0,0,0,1
89,0,-0.9093286682807151,-0.5506112457710796,-0.5109013763616733,-1.1964747554307154,-0.48741393741806377,-0.19436182396284576,1.7953987566656089,1.596341149986056,0.3333333333333333,0.0,0.0,0.0,0.0,0.12720645313712917,0.6306343055272282,0.5948128076093568,1,0,0,0,0,0,0,0,0,0,0,0,0,0,0,0,1
90,0,-0.9093286682807151,-0.5506112457710796,-0.5109013763616733,-1.1964747554307154,-0.48741393741806377,-0.19436182396284576,0.024986065562365205,1.5943899617875752,0.3333333333333333,0.0,0.0,0.0,0.0,0.12720645313712917,0.47317968590658777,0.5944257036996073,1,0,0,0,0,0,0,0,0,0,0,0,0,0,0,0,1
91,0,0.4690704492685181,-0.5506112457710796,-0.5109013763616733,0.7727860943644208,-0.48741393741806377,0.029671733274246336,0.024986065562365205,1.5846340207951715,0.6666666666666667,0.0,0.0,0.3333333333333333,0.0,0.17558248112772395,0.47317968590658777,0.5924901841508599,0,0,0,0,0,0,0,1,0,0,0,0,0,0,0,0,1
92,0,-0.9093286682807151,-0.5506112457710796,-0.5109013763616733,-1.1964747554307154,-0.48741393741806377,-0.19436182396284576,0.024986065562365205,1.5785017150285177,0.3333333333333333,0.0,0.0,0.0,0.0,0.12720645313712917,0.47317968590658777,0.5912735718630757,1,0,0,0,0,0,0,0,0,0,0,0,0,0,0,0,1
93,0,-0.9093286682807151,-0.5506112457710796,-0.5109013763616733,-1.1964747554307154,-0.48741393741806377,-0.19436182396284576,2.18181655258646,1.570975703405806,0.3333333333333333,0.0,0.0,0.0,0.0,0.12720645313712917,0.6650010197838059,0.5897804567826135,1,0,0,0,0,0,0,0,0,0,0,0,0,1,0,0,0
94,0,0.4690704492685181,-0.5506112457710796,-0.5109013763616733,0.7727860943644208,-0.48741393741806377,0.029671733274246336,0.024986065562365205,1.497945516548384,0.6666666666666667,0.0,0.0,0.3333333333333333,0.0,0.17558248112772395,0.47317968590658777,0.5752917104462755,0,0,0,0,0,0,0,1,0,0,0,0,0,0,0,0,1
95,1,0.4690704492685181,-0.5506112457710796,-0.5109013763616733,-1.1964747554307154,1.0196357013903061,-0.19436182396284576,0.024986065562365205,1.4433122469909232,0.6666666666666667,0.0,0.0,0.0,0.125,0.12720645313712917,0.47317968590658777,0.5644528009732898,0,0,0,1,0,0,0,0,0,0,0,0,1,0,0,0,0
96,0,-0.9093286682807151,-0.5506112457710796,-0.5109013763616733,-1.1964747554307154,-0.48741393741806377,-0.19436182396284576,1.5867102140614704,1.4279814825742887,0.3333333333333333,0.0,0.0,0.0,0.0,0.12720645313712917,0.6120742402610646,0.5614112702538295,1,0,0,0,0,0,0,0,0,0,0,0,0,0,0,0,1
97,0,0.4690704492685181,-0.5506112457710796,-0.5109013763616733,0.7727860943644208,-0.48741393741806377,0.029671733274246336,0.024986065562365205,1.4012223301379814,0.6666666666666667,0.0,0.0,0.3333333333333333,0.0,0.17558248112772395,0.47317968590658777,0.556102416634408,0,0,0,0,0,0,0,1,0,0,0,0,0,0,0,0,1
98,0,0.4690704492685181,-0.5506112457710796,-0.5109013763616733,0.7727860943644208,-0.48741393741806377,0.029671733274246336,0.7052304496277798,1.4031735183364622,0.6666666666666667,0.0,0.0,0.3333333333333333,0.0,0.17558248112772395,0.5336783601876403,0.5564895205441575,0,0,0,0,0,0,0,1,0,0,0,0,0,0,0,0,1
99,1,0.4690704492685181,-0.5506112457710796,-0.5109013763616733,-1.1964747554307154,1.0196357013903061,0.029671733274246336,0.4443697713726063,1.3973199537410201,0.6666666666666667,0.0,0.0,0.0,0.125,0.17558248112772395,0.5104782786049358,0.5553282088149091,1,0,0,0,0,0,0,0,0,0,0,0,0,0,0,1,0
100,0,0.4690704492685181,-0.5506112457710796,-0.5109013763616733,-1.1964747554307154,-0.48741393741806377,-0.19436182396284576,1.7799191120218951,1.3680521307638087,0.6666666666666667,0.0,0.0,0.0,0.0,0.12720645313712917,0.6292575973893534,0.5495216501686666,1,0,0,0,0,0,0,0,0,0,0,0,0,0,0,0,1
101,0,0.4690704492685181,-0.5506112457710796,-0.5109013763616733,-1.1964747554307154,-0.48741393741806377,-0.19436182396284576,0.024986065562365205,1.3095164848093865,0.6666666666666667,0.0,0.0,0.0,0.0,0.12720645313712917,0.47317968590658777,0.537908532876182,1,0,0,0,0,0,0,0,0,0,0,0,0,0,0,0,1
102,0,0.4690704492685181,-0.5506112457710796,-0.5109013763616733,0.7727860943644208,-0.48741393741806377,0.029671733274246336,1.3697085289634852,1.303662920213944,0.6666666666666667,0.0,0.0,0.3333333333333333,0.0,0.17558248112772395,0.592774831735672,0.5367472211469335,1,0,0,0,0,0,0,0,0,0,0,0,0,1,0,0,0
103,0,0.4690704492685181,-0.5506112457710796,2.8900264562993567,0.7727860943644208,-0.48741393741806377,0.029671733274246336,0.024986065562365205,1.2958581674200211,0.6666666666666667,0.0,0.23076923076923078,0.3333333333333333,0.0,0.17558248112772395,0.47317968590658777,0.5351988055079355,0,0,0,0,0,0,0,1,0,0,0,0,0,0,0,0,1
104,1,-0.9093286682807151,-0.5506112457710796,-0.5109013763616733,-1.1964747554307154,1.0196357013903061,0.029671733274246336,0.09665108706103968,1.2916770498518482,0.3333333333333333,0.0,0.0,0.0,0.125,0.17558248112772395,0.47955333469304506,0.534369297129901,1,0,0,0,0,0,0,0,0,0,0,0,0,0,1,0,0
105,0,-0.9093286682807151,-0.5506112457710796,-0.5109013763616733,-1.1964747554307154,-0.48741393741806377,-0.19436182396284576,2.6324462077701227,1.2599005563337333,0.3333333333333333,0.0,0.0,0.0,0.0,0.12720645313712917,0.7050785233530492,0.5280650334568379,1,0,0,0,0,0,0,0,0,0,0,0,0,0,0,0,1
106,0,-0.9093286682807151,-0.5506112457710796,-0.5109013763616733,0.7727860943644208,-0.48741393741806377,0.029671733274246336,0.024986065562365205,1.2292390275004643,0.3333333333333333,0.0,0.0,0.3333333333333333,0.0,0.17558248112772395,0.47317968590658777,0.5219819720179173,0,0,0,1,0,0,0,0,0,0,0,0,0,0,0,0,1
107,0,0.4690704492685181,-0.5506112457710796,-0.5109013763616733,-1.1964747554307154,-0.48741393741806377,-0.19436182396284576,0.024986065562365205,1.178508134339965,0.6666666666666667,0.0,0.0,0.0,0.0,0.12720645313712917,0.47317968590658777,0.5119172703644307,1,0,0,0,0,0,0,0,0,0,0,0,0,0,0,0,1
108,1,-0.9093286682807151,-0.5506112457710796,-0.5109013763616733,-1.1964747554307154,1.0196357013903061,0.029671733274246336,0.024986065562365205,1.1729333109157345,0.3333333333333333,0.0,0.0,0.0,0.125,0.17558248112772395,0.47317968590658777,0.5108112591937178,0,0,0,1,0,0,0,0,0,0,0,0,0,0,1,0,0
109,0,0.4690704492685181,-0.5506112457710796,-0.5109013763616733,0.7727860943644208,-0.48741393741806377,0.029671733274246336,0.024986065562365205,1.1729333109157345,0.6666666666666667,0.0,0.0,0.3333333333333333,0.0,0.17558248112772395,0.47317968590658777,0.5108112591937178,0,0,0,0,0,0,0,1,0,0,0,0,0,0,0,0,1
110,0,-0.9093286682807151,-0.5506112457710796,-0.5109013763616733,0.7727860943644208,-0.48741393741806377,0.029671733274246336,0.024986065562365205,1.1085441003658698,0.3333333333333333,0.0,0.0,0.3333333333333333,0.0,0.17558248112772395,0.47317968590658777,0.49803683017198475,0,0,1,0,0,0,0,0,0,0,0,0,0,0,0,0,1
111,0,-0.9093286682807151,-0.5506112457710796,-0.5109013763616733,-1.1964747554307154,-0.48741393741806377,0.029671733274246336,0.024986065562365205,1.0706353010811012,0.3333333333333333,0.0,0.0,0.0,0.0,0.17558248112772395,0.47317968590658777,0.4905159542111376,1,0,0,0,0,0,0,0,0,0,0,0,0,0,0,0,1
112,0,1.8474695668177514,-0.5506112457710796,-0.5109013763616733,-1.1964747554307154,-0.48741393741806377,-0.19436182396284576,-0.6541116781590695,1.0500084544114474,1.0,0.0,0.0,0.0,0.0,0.12720645313712917,0.41278299000611873,0.4864237128795001,0,0,1,0,0,0,0,0,0,0,0,0,0,0,0,0,1
113,0,-0.9093286682807151,-0.5506112457710796,-0.5109013763616733,-1.1964747554307154,-0.48741393741806377,0.029671733274246336,0.024986065562365205,1.0383013252205633,0.3333333333333333,0.0,0.0,0.0,0.0,0.17558248112772395,0.47317968590658777,0.4841010894210032,0,0,0,0,0,0,0,1,0,0,0,0,0,0,0,0,1
114,0,0.4690704492685181,-0.5506112457710796,-0.5109013763616733,-1.1964747554307154,-0.48741393741806377,-0.19436182396284576,0.024986065562365205,1.0026224553054865,0.6666666666666667,0.0,0.0,0.0,0.0,0.12720645313712917,0.47317968590658777,0.4770226179284411,0,0,0,1,0,0,0,0,0,0,0,0,0,0,0,0,1
115,0,-0.9093286682807151,1.105100753787261,-0.5109013763616733,-1.1964747554307154,1.0196357013903061,0.03488181600069034,2.3543859243552663,3.0510913225390563,0.3333333333333333,0.05336734959518913,0.0,0.0,0.125,0.176707505034482,0.6803487660615949,0.8834264226068683,0,0,0,0,0,0,0,1,0,0,0,0,0,1,0,0,0
116,0,-0.9093286682807151,-0.5506112457710796,-0.5109013763616733,-1.1964747554307154,-0.48741393741806377,-0.19436182396284576,0.024986065562365205,2.0696436587032423,0.3333333333333333,0.0,0.0,0.0,0.0,0.12720645313712917,0.47317968590658777,0.6887131560028756,1,0,0,0,0,0,0,0,0,0,0,0,0,0,0,0,1
117,0,0.4690704492685181,-0.5506112457710796,-0.5109013763616733,0.7727860943644208,-0.48741393741806377,0.03488181600069034,0.024986065562365205,1.8123655576749957,0.6666666666666667,0.0,0.0,0.3333333333333333,0.0,0.176707505034482,0.47317968590658777,0.6376707404744788,0,0,0,0,0,0,0,1,0,0,0,0,0,0,0,0,1
118,0,-0.9093286682807151,1.0033350406436752,-0.5109013763616733,0.7727860943644208,-0.48741393741806377,0.03488181600069034,0.024986065562365205,1.8123655576749957,0.3333333333333333,0.050087210059094577,0.0,0.3333333333333333,0.0,0.176707505034482,0.47317968590658777,0.6376707404744788,0,0,0,0,0,0,0,1,0,0,0,0,0,0,0,0,1
119,0,0.4690704492685181,-0.5506112457710796,-0.5109013763616733,0.7727860943644208,-0.48741393741806377,-0.11621058306618573,0.024986065562365205,1.7950836050598806,0.6666666666666667,0.0,0.0,0.3333333333333333,0.0,0.14408181173849943,0.47317968590658777,0.634242105845269,0,0,0,0,0,0,0,1,0,0,0,0,0,0,0,0,1
120,0,-0.9093286682807151,1.7754621975108817,0.6227412345253366,0.7727860943644208,-0.48741393741806377,-0.11621058306618573,0.7043704693697956,1.7134124418949004,0.3333333333333333,0.07497461796787545,0.07692307692307693,0.3333333333333333,0.0,0.14408181173849943,0.5336018764022027,0.6180390421943261,0,0,0,0,0,0,0,0,0,0,1,0,0,0,0,0,1
121,0,-0.9093286682807151,-0.5506112457710796,-0.5109013763616733,0.7727860943644208,-0.48741393741806377,-0.11621058306618573,1.0890683047746779,1.5182936220468262,0.3333333333333333,0.0,0.0,0.3333333333333333,0.0,0.14408181173849943,0.5678156230879053,0.5793286512193773,0,0,0,0,0,0,0,0,0,1,0,0,0,0,0,0,1
122,0,0.4690704492685181,-0.5506112457710796,-0.5109013763616733,-1.1964747554307154,-0.48741393741806377,-0.19436182396284576,0.024986065562365205,1.5026841164589804,0.6666666666666667,0.0,0.0,0.0,0.0,0.12720645313712917,0.47317968590658777,0.5762318199413814,1,0,0,0,0,0,0,0,0,0,0,0,0,0,0,0,1
123,0,0.4690704492685181,-0.5506112457710796,-0.5109013763616733,4.711307793954693,-0.48741393741806377,0.1286633050766824,0.8534337140870373,1.3833828951804434,0.6666666666666667,0.0,0.0,1.0,0.0,0.19695793535612632,0.5468590658780338,0.552563180888127,0,0,0,0,0,0,0,1,0,0,0,0,0,0,0,0,1
124,0,0.4690704492685181,-0.5506112457710796,-0.5109013763616733,-1.1964747554307154,-0.48741393741806377,-0.19436182396284576,0.006353159972709903,1.2490296506564835,0.6666666666666667,0.0,0.0,0.0,0.0,0.12720645313712917,0.47152253722210885,0.5259083116739479,1,0,0,0,0,0,0,0,0,0,0,0,0,0,0,0,1
125,0,0.4690704492685181,-0.5506112457710796,-0.5109013763616733,-1.1964747554307154,-0.48741393741806377,-0.11621058306618573,0.024986065562365205,1.192445192900542,0.6666666666666667,0.0,0.0,0.0,0.0,0.14408181173849943,0.47317968590658777,0.5146822982912127,1,0,0,0,0,0,0,0,0,0,0,0,0,0,0,0,1
126,0,0.4690704492685181,0.7634587168052229,0.6227412345253366,0.7727860943644208,-0.48741393741806377,-0.11621058306618573,0.024986065562365205,1.1470103819930617,0.6666666666666667,0.04235545258115742,0.07692307692307693,0.3333333333333333,0.0,0.14408181173849943,0.47317968590658777,0.5056683072499032,0,1,0,0,0,0,0,0,0,0,0,0,0,0,0,0,1
127,0,0.4690704492685181,-0.5506112457710796,-0.5109013763616733,0.7727860943644208,-0.48741393741806377,0.03488181600069034,0.024986065562365205,1.084572359641678,0.6666666666666667,0.0,0.0,0.3333333333333333,0.0,0.176707505034482,0.47317968590658777,0.49328098213791965,0,0,1,0,0,0,0,0,0,0,0,0,0,0,0,0,1
128,0,-0.9093286682807151,1.5493161683029133,1.7563838454123466,0.7727860943644208,1.0196357013903061,-0.11621058306618573,0.8210411243696367,1.6978029363070548,0.3333333333333333,0.06768541899877646,0.15384615384615385,0.3333333333333333,0.125,0.14408181173849943,0.5439781766265551,0.6149422109163302,0,0,0,0,0,0,0,1,0,0,0,0,0,1,0,0,0
129,0,-0.9093286682807151,1.8319987048128739,1.7563838454123466,0.7727860943644208,-0.48741393741806377,-0.07452992125463372,0.024986065562365205,1.5835190561103254,0.3333333333333333,0.07679691771015021,0.15384615384615385,0.3333333333333333,0.0,0.15308200299256358,0.47317968590658777,0.5922689819167173,0,0,0,0,0,0,0,1,0,0,0,0,0,0,0,0,1
130,0,-0.9093286682807151,-0.5506112457710796,-0.5109013763616733,-1.1964747554307154,-0.48741393741806377,-0.19436182396284576,0.024986065562365205,1.2975306144472907,0.3333333333333333,0.0,0.0,0.0,0.0,0.12720645313712917,0.47317968590658777,0.5355306088591495,1,0,0,0,0,0,0,0,0,0,0,0,0,0,0,0,1
131,0,-0.9093286682807151,1.3877832902972216,0.6227412345253366,0.7727860943644208,-0.48741393741806377,-0.07974000398107772,1.3347359984721328,1.285823485256406,0.3333333333333333,0.06247884830656288,0.07692307692307693,0.3333333333333333,0.0,0.15195697908580558,0.5896644911278809,0.5332079854006525,0,1,0,0,0,0,0,0,0,0,0,0,0,0,0,0,1
132,1,0.4690704492685181,-0.5506112457710796,-0.5109013763616733,-1.1964747554307154,-0.48741393741806377,-0.7834658778418692,1.4382202895162177,2.0537554119441848,0.6666666666666667,0.0,0.0,0.0,0.0,0.0,0.5988680399755252,0.6855610241663441,1,0,0,0,0,0,0,0,0,0,0,0,0,0,1,0,0
133,0,-0.9093286682807151,1.4475504551593275,1.7563838454123466,0.7727860943644208,-0.48741393741806377,0.08177256053868637,0.024986065562365205,1.8062332519083417,0.3333333333333333,0.0644052794626819,0.15384615384615385,0.3333333333333333,0.0,0.18683272019530414,0.47317968590658777,0.6364541281866947,0,0,0,0,0,0,1,0,0,0,0,0,0,0,0,0,1
134,0,-0.9093286682807151,-0.5506112457710796,-0.5109013763616733,0.7727860943644208,-0.48741393741806377,0.08177256053868637,2.7379371194161695,1.6579429488238053,0.3333333333333333,0.0,0.0,0.3333333333333333,0.0,0.18683272019530414,0.7144605343667142,0.6070342310457335,0,0,0,0,0,0,0,1,0,0,0,0,0,0,0,0,1
135,0,0.4690704492685181,1.1091390757374033,0.6227412345253366,0.7727860943644208,-0.48741393741806377,0.08177256053868637,0.024986065562365205,1.6576642076525934,0.6666666666666667,0.05349751386249447,0.07692307692307693,0.3333333333333333,0.0,0.18683272019530414,0.47317968590658777,0.6069789304871979,0,0,0,1,0,0,0,0,0,0,0,0,0,0,0,0,1
136,0,-0.9093286682807151,-0.5506112457710796,-0.5109013763616733,0.7727860943644208,-0.48741393741806377,0.08177256053868637,0.024986065562365205,1.6314625375587093,0.3333333333333333,0.0,0.0,0.3333333333333333,0.0,0.18683272019530414,0.47317968590658777,0.6017806779848477,0,0,0,0,0,0,0,1,0,0,0,0,0,0,0,0,1
137,0,0.4690704492685181,-0.5506112457710796,-0.5109013763616733,0.7727860943644208,-0.48741393741806377,0.08177256053868637,0.024986065562365205,1.6002435263830177,0.6666666666666667,0.0,0.0,0.3333333333333333,0.0,0.18683272019530414,0.47317968590658777,0.5955870154288558,0,0,0,0,0,0,0,1,0,0,0,0,0,0,0,0,1
138,0,-0.9093286682807151,-0.5506112457710796,-0.5109013763616733,-1.1964747554307154,-0.48741393741806377,-0.7834658778418692,0.024986065562365205,1.4987817400620187,0.3333333333333333,0.0,0.0,0.0,0.0,0.0,0.47317968590658777,0.5754576121218824,0,0,0,0,0,0,0,1,0,0,0,0,0,1,0,0,0
139,0,-0.9093286682807151,-0.5506112457710796,-0.5109013763616733,0.7727860943644208,-0.48741393741806377,0.08177256053868637,0.024986065562365205,1.4940431401514227,0.3333333333333333,0.0,0.0,0.3333333333333333,0.0,0.18683272019530414,0.47317968590658777,0.5745175026267765,0,0,0,0,0,0,0,1,0,0,0,0,0,0,0,0,1
140,0,-0.9093286682807151,1.155983610359054,1.7563838454123466,0.7727860943644208,-0.48741393741806377,0.08177256053868637,0.593433016089848,1.4101420476167508,0.3333333333333333,0.0550074193632364,0.15384615384615385,0.3333333333333333,0.0,0.18683272019530414,0.5237354680807669,0.5578720345075485,0,0,0,0,0,0,0,1,0,0,0,0,0,0,0,0,1
141,0,0.4690704492685181,-0.5506112457710796,-0.5109013763616733,-1.1964747554307154,1.0196357013903061,0.08177256053868637,2.599766957966727,1.388957718604674,0.6666666666666667,0.0,0.0,0.0,0.125,0.18683272019530414,0.7021721395064247,0.5536691920588398,0,0,0,0,0,0,0,0,0,0,0,1,0,1,0,0,0
142,0,0.4690704492685181,-0.5506112457710796,-0.5109013763616733,0.7727860943644208,-0.48741393741806377,0.08177256053868637,0.024986065562365205,1.3114676730078674,0.6666666666666667,0.0,0.0,0.3333333333333333,0.0,0.18683272019530414,0.47317968590658777,0.5382956367859315,0,0,0,0,0,0,0,1,0,0,0,0,0,0,0,0,1
143,0,-0.9093286682807151,-0.5506112457710796,-0.5109013763616733,0.7727860943644208,-0.48741393741806377,0.08177256053868637,0.024986065562365205,1.1963475692975034,0.3333333333333333,0.0,0.0,0.3333333333333333,0.0,0.18683272019530414,0.47317968590658777,0.5154565061107117,0,0,0,0,0,0,0,1,0,0,0,0,0,0,0,0,1
144,0,-0.9093286682807151,-0.5506112457710796,-0.5109013763616733,-1.1964747554307154,-0.48741393741806377,0.08177256053868637,0.024986065562365205,1.1943963810990226,0.3333333333333333,0.0,0.0,0.0,0.0,0.18683272019530414,0.47317968590658777,0.5150694022009622,0,0,0,0,0,0,0,1,0,0,0,0,0,0,0,0,1
145,0,-0.9093286682807151,2.8908467201401833,-0.5109013763616733,-1.1964747554307154,-0.48741393741806377,-0.19436182396284576,2.050526233200888,1.137811923343081,0.3333333333333333,0.11092598859761019,0.0,0.0,0.0,0.12720645313712917,0.653324495207016,0.5038433888182271,0,0,0,0,0,0,0,1,0,0,0,0,0,0,0,0,1
146,0,-0.9093286682807151,-0.5506112457710796,-0.5109013763616733,0.7727860943644208,-0.48741393741806377,0.09219272599157437,0.024986065562365205,2.4314496989358143,0.3333333333333333,0.0,0.0,0.3333333333333333,0.0,0.18908276800882018,0.47317968590658777,0.7604932809821379,0,0,0,0,0,0,0,1,0,0,0,0,0,0,0,0,1
147,0,-0.9093286682807151,-0.5506112457710796,-0.5109013763616733,0.7727860943644208,-0.48741393741806377,0.1807641323411224,0.024986065562365205,1.7660945232538805,0.3333333333333333,0.0,0.0,0.3333333333333333,0.0,0.2082081744237065,0.47317968590658777,0.6284908477575624,0,0,0,0,0,0,0,1,0,0,0,0,0,0,0,0,1
148,0,0.4690704492685181,1.212520117661046,-0.5109013763616733,0.7727860943644208,-0.48741393741806377,-0.12663074851907374,0.024986065562365205,1.5952261853012097,0.6666666666666667,0.056829719105511156,0.0,0.3333333333333333,0.0,0.1418317639249834,0.47317968590658777,0.5945916053752143,0,0,0,0,0,0,1,0,0,0,0,0,0,0,0,0,1
149,0,-0.9093286682807151,-0.5506112457710796,-0.5109013763616733,0.7727860943644208,-0.48741393741806377,0.1807641323411224,1.551737683570118,1.4605941996060385,0.3333333333333333,0.0,0.0,0.3333333333333333,0.0,0.2082081744237065,0.6089638996532736,0.5678814356024996,0,0,0,0,0,0,0,1,0,0,0,0,0,0,0,0,1
150,0,0.4690704492685181,0.26512978815766386,-0.5109013763616733,0.7727860943644208,-0.48741393741806377,0.1807641323411224,0.024986065562365205,1.3750206600440973,0.6666666666666667,0.026293181995678545,0.0,0.3333333333333333,0.0,0.2082081744237065,0.47317968590658777,0.5509041641320577,0,0,0,0,0,0,0,1,0,0,0,0,0,0,0,0,1
151,0,-0.9093286682807151,-0.5506112457710796,-0.5109013763616733,-1.1964747554307154,-0.48741393741806377,-0.19436182396284576,0.024986065562365205,1.336833119588117,0.3333333333333333,0.0,0.0,0.0,0.0,0.12720645313712917,0.47317968590658777,0.5433279876126749,1,0,0,0,0,0,0,0,0,0,0,0,0,0,0,0,1
152,0,-0.9093286682807151,-0.5506112457710796,-0.5109013763616733,-1.1964747554307154,-0.48741393741806377,0.1807641323411224,0.024986065562365205,1.3053353672412136,0.3333333333333333,0.0,0.0,0.0,0.0,0.2082081744237065,0.47317968590658777,0.5370790244981474,1,0,0,0,0,0,0,0,0,0,0,0,0,1,0,0,0
153,0,-0.9093286682807151,-0.5506112457710796,-0.5109013763616733,-1.1964747554307154,-0.48741393741806377,-0.19436182396284576,0.024986065562365205,1.3031054378715212,0.3333333333333333,0.0,0.0,0.0,0.0,0.12720645313712917,0.47317968590658777,0.5366366200298622,1,0,0,0,0,0,0,0,0,0,0,0,0,0,0,0,1
154,0,-0.9093286682807151,-0.5506112457710796,-0.5109013763616733,-1.1964747554307154,-0.48741393741806377,0.1807641323411224,0.024986065562365205,1.288889638139733,0.3333333333333333,0.0,0.0,0.0,0.0,0.2082081744237065,0.47317968590658777,0.5338162915445446,1,0,0,0,0,0,0,0,0,0,0,0,0,0,0,0,1
155,0,0.4690704492685181,-0.5506112457710796,-0.5109013763616733,0.7727860943644208,-0.48741393741806377,0.1807641323411224,0.024986065562365205,1.2665903444428102,0.6666666666666667,0.0,0.0,0.3333333333333333,0.0,0.2082081744237065,0.47317968590658777,0.5293922468616933,0,0,0,1,0,0,0,0,0,0,0,0,0,0,0,0,1
156,0,0.4690704492685181,-0.5506112457710796,-0.5109013763616733,-1.1964747554307154,-0.48741393741806377,0.1807641323411224,-0.5231080188594939,1.1960688281262917,0.6666666666666667,0.0,0.0,0.0,0.0,0.2082081744237065,0.42443401998776253,0.5154012055521761,1,0,0,0,0,0,0,0,0,0,0,0,0,0,0,0,1
157,0,0.4690704492685181,-0.5506112457710796,1.7563838454123466,0.7727860943644208,-0.48741393741806377,0.1807641323411224,-0.28116690627996993,1.1135614414476775,0.6666666666666667,0.0,0.15384615384615385,0.3333333333333333,0.0,0.2082081744237065,0.4459514582908423,0.4990322402256263,0,0,0,1,0,0,0,0,0,0,0,0,0,0,0,0,1
158,0,0.4690704492685181,-0.5506112457710796,-0.5109013763616733,0.7727860943644208,-0.48741393741806377,0.1807641323411224,0.024986065562365205,1.0129358786403133,0.6666666666666667,0.0,0.0,0.3333333333333333,0.0,0.2082081744237065,0.47317968590658777,0.4790687385942598,0,0,0,0,0,0,0,1,0,0,0,0,0,0,0,0,1
159,0,0.4690704492685181,-0.5506112457710796,-0.5109013763616733,0.7727860943644208,-0.48741393741806377,0.08177256053868637,0.024986065562365205,2.614861389593004,0.6666666666666667,0.0,0.0,0.3333333333333333,0.0,0.18683272019530414,0.47317968590658777,0.7968810484985898,0,0,0,0,0,0,0,1,0,0,0,0,0,0,0,0,1
160,0,0.4690704492685181,-0.5506112457710796,-0.5109013763616733,0.7727860943644208,-0.48741393741806377,0.08177256053868637,0.024986065562365205,2.299605124952758,0.6666666666666667,0.0,0.0,0.3333333333333333,0.0,0.18683272019530414,0.47317968590658777,0.7343361167947796,0,0,1,0,0,0,0,0,0,0,0,0,0,0,0,0,1
161,0,1.8474695668177514,2.3416349349208314,-0.5109013763616733,0.7727860943644208,-0.48741393741806377,-0.19436182396284576,0.024986065562365205,2.25082541999074,1.0,0.09322364824408404,0.0,0.3333333333333333,0.0,0.12720645313712917,0.47317968590658777,0.7246585190510424,0,0,1,0,0,0,0,0,0,0,0,0,0,0,0,0,1
162,0,0.4690704492685181,1.4120132219980754,-0.5109013763616733,0.7727860943644208,-0.48741393741806377,0.08177256053868637,0.024986065562365205,2.167203068627279,0.6666666666666667,0.06325983391039491,0.0,0.3333333333333333,0.0,0.18683272019530414,0.47317968590658777,0.70806835149035,0,0,0,0,0,0,0,1,0,0,0,0,0,0,0,0,1
163,0,0.4690704492685181,-0.5506112457710796,-0.5109013763616733,4.711307793954693,-0.48741393741806377,0.08177256053868637,0.024986065562365205,2.0495742943760114,0.6666666666666667,0.0,0.0,1.0,0.0,0.18683272019530414,0.47317968590658777,0.6847315157883094,0,0,0,0,0,0,0,1,0,0,0,0,0,0,0,0,1
164,0,0.4690704492685181,-0.5506112457710796,-0.5109013763616733,-1.1964747554307154,-0.48741393741806377,-0.19436182396284576,2.3730188299449226,1.968181872382243,0.6666666666666667,0.0,0.0,0.0,0.0,0.12720645313712917,0.6820059147460739,0.6685837526959021,1,0,0,0,0,0,0,0,0,0,0,0,0,0,0,0,1
165,0,0.4690704492685181,1.0889474659866918,-0.5109013763616733,0.7727860943644208,-0.48741393741806377,0.03488181600069034,1.6569419351301706,1.9637220136428584,0.6666666666666667,0.05284669252596777,0.0,0.3333333333333333,0.0,0.176707505034482,0.6183204160717928,0.6676989437593319,0,0,0,0,0,0,0,1,0,0,0,0,0,0,0,0,1
166,1,-0.9093286682807151,-0.5506112457710796,-0.5109013763616733,0.7727860943644208,-0.48741393741806377,-0.7834658778418692,2.7643098473276817,1.8784272152521293,0.3333333333333333,0.0,0.0,0.3333333333333333,0.0,0.0,0.7168060371201305,0.6507769728474257,1,0,0,0,0,0,0,0,0,0,0,0,0,1,0,0,0
167,1,0.4690704492685181,-0.5506112457710796,-0.5109013763616733,-1.1964747554307154,1.0196357013903061,0.08177256053868637,1.7888055746877312,1.8106931106477264,0.6666666666666667,0.0,0.0,0.0,0.125,0.18683272019530414,0.6300479298388741,0.6373389371232648,0,0,0,1,0,0,0,0,0,0,0,0,0,0,1,0,0
168,0,0.4690704492685181,-0.5506112457710796,-0.5109013763616733,0.7727860943644208,-0.48741393741806377,0.08177256053868637,0.024986065562365205,1.7220534182024585,0.6666666666666667,0.0,0.0,0.3333333333333333,0.0,0.18683272019530414,0.47317968590658777,0.6197533595089311,0,0,0,0,0,0,0,1,0,0,0,0,0,0,0,0,1
169,0,0.4690704492685181,-0.5506112457710796,-0.5109013763616733,0.7727860943644208,-0.48741393741806377,0.08177256053868637,0.024986065562365205,1.6685351133298436,0.6666666666666667,0.0,0.0,0.3333333333333333,0.0,0.18683272019530414,0.47317968590658777,0.6091356522700879,0,0,0,1,0,0,0,0,0,0,0,0,0,0,0,0,1
170,0,0.4690704492685181,1.563046462933397,0.6227412345253366,0.7727860943644208,-0.48741393741806377,0.08177256053868637,0.024986065562365205,1.6585004311662281,0.6666666666666667,0.06812797750761461,0.07692307692307693,0.3333333333333333,0.0,0.18683272019530414,0.47317968590658777,0.6071448321628048,0,0,0,1,0,0,0,0,0,0,0,0,0,0,0,0,1
171,0,0.4690704492685181,-0.5506112457710796,-0.5109013763616733,-1.1964747554307154,1.567653751866077,0.08177256053868637,1.5167651530787642,1.6428909255783823,0.6666666666666667,0.0,0.0,0.0,0.17045454545454547,0.18683272019530414,0.6058535590454823,0.6040480008848089,0,0,0,0,0,0,0,1,0,0,0,0,0,0,0,0,1
172,0,1.8474695668177514,-0.5506112457710796,-0.5109013763616733,-1.1964747554307154,-0.48741393741806377,-0.19436182396284576,0.7938084162001404,1.6417759608935358,1.0,0.0,0.0,0.0,0.0,0.12720645313712917,0.5415561900877014,0.6038267986506664,0,0,1,0,0,0,0,0,0,0,0,0,0,0,0,0,1
173,0,-0.9093286682807151,-0.5506112457710796,-0.5109013763616733,0.7727860943644208,-0.48741393741806377,0.08177256053868637,0.024986065562365205,1.6403822550374783,0.3333333333333333,0.0,0.0,0.3333333333333333,0.0,0.18683272019530414,0.47317968590658777,0.6035502958579881,0,0,0,0,0,0,0,1,0,0,0,0,0,0,0,0,1
174,0,-0.9093286682807151,-0.5506112457710796,-0.5109013763616733,0.7727860943644208,-0.48741393741806377,0.08177256053868637,0.024986065562365205,1.6119506555739018,0.3333333333333333,0.0,0.0,0.3333333333333333,0.0,0.18683272019530414,0.47317968590658777,0.5979096388873527,0,0,0,1,0,0,0,0,0,0,0,0,0,0,0,0,1
175,0,0.4690704492685181,-0.5506112457710796,-0.5109013763616733,0.7727860943644208,-0.48741393741806377,0.08177256053868637,1.2461580318997714,1.5759930444876138,0.6666666666666667,0.0,0.0,0.3333333333333333,0.0,0.18683272019530414,0.5817866612278196,0.590775866836255,0,0,0,0,0,0,0,1,0,0,0,0,0,0,0,0,1
176,0,-0.9093286682807151,1.2593646522826967,-0.5109013763616733,0.7727860943644208,-0.48741393741806377,0.08177256053868637,0.024986065562365205,1.5355755746619413,0.3333333333333333,0.05833962460625309,0.0,0.3333333333333333,0.0,0.18683272019530414,0.47317968590658777,0.582757285848587,0,0,0,0,0,0,0,1,0,0,0,0,0,0,0,0,1
177,0,-0.9093286682807151,-0.5506112457710796,-0.5109013763616733,-1.1964747554307154,-0.48741393741806377,0.08177256053868637,2.7221708146864616,1.508258939883211,0.3333333333333333,0.0,0.0,0.0,0.0,0.18683272019530414,0.7130583316336936,0.5773378311120942,0,0,0,0,0,0,0,1,0,0,0,0,0,0,0,0,1
178,0,-0.9093286682807151,-0.5506112457710796,-0.5109013763616733,0.7727860943644208,-0.48741393741806377,0.08177256053868637,0.024986065562365205,1.4982242577195959,0.3333333333333333,0.0,0.0,0.3333333333333333,0.0,0.18683272019530414,0.47317968590658777,0.5753470110048111,0,0,0,1,0,0,0,0,0,0,0,0,0,0,0,0,1
179,1,1.8474695668177514,-0.5506112457710796,-0.5109013763616733,-1.1964747554307154,-0.48741393741806377,0.08177256053868637,4.53558251868891,1.4828934933029612,1.0,0.0,0.0,0.0,0.0,0.18683272019530414,0.8743371405262084,0.5723054802853508,0,0,1,0,0,0,0,0,0,0,0,0,0,1,0,0,0
180,0,-0.9093286682807151,-0.5506112457710796,-0.5109013763616733,0.7727860943644208,-0.48741393741806377,-0.2308324030479538,1.159586685929373,1.4653327995166345,0.3333333333333333,0.0,0.0,0.3333333333333333,0.0,0.11933128578982304,0.5740872934937793,0.5688215450976054,0,0,0,0,0,0,0,1,0,0,0,0,0,0,0,0,1
181,0,0.4690704492685181,-0.5506112457710796,-0.5109013763616733,4.711307793954693,-0.48741393741806377,0.08177256053868637,1.4829392629313902,1.4045672241925198,0.6666666666666667,0.0,0.0,1.0,0.0,0.18683272019530414,0.6028451968182745,0.5567660233368357,0,0,0,0,0,0,0,1,0,0,0,0,0,0,0,0,1
182,0,0.4690704492685181,-0.5506112457710796,-0.5109013763616733,0.7727860943644208,-0.48741393741806377,0.08177256053868637,2.302213788704232,1.3772505894137894,0.6666666666666667,0.0,0.0,0.3333333333333333,0.0,0.18683272019530414,0.675708749745054,0.5513465686003428,0,0,0,0,0,0,0,1,0,0,0,0,0,0,0,0,1
183,0,-0.9093286682807151,-0.5506112457710796,-0.5109013763616733,0.7727860943644208,-0.48741393741806377,0.08177256053868637,1.8243514253510735,1.3262409550820788,0.3333333333333333,0.0,0.0,0.3333333333333333,0.0,0.18683272019530414,0.633209259636957,0.5412265663883206,0,0,0,0,0,0,0,1,0,0,0,0,0,0,0,0,1
184,0,-0.9093286682807151,-0.5506112457710796,-0.5109013763616733,-1.1964747554307154,-0.48741393741806377,-0.19436182396284576,0.024986065562365205,0.9766995263828138,0.3333333333333333,0.0,0.0,0.0,0.0,0.12720645313712917,0.47317968590658777,0.47187966598462644,1,0,0,0,0,0,0,0,0,0,0,0,0,0,0,0,1
185,0,0.4690704492685181,-0.5506112457710796,-0.5109013763616733,-1.1964747554307154,-0.48741393741806377,-0.19436182396284576,3.9335963381000485,2.265598702064951,0.6666666666666667,0.0,0.0,0.0,0.0,0.12720645313712917,0.8207984907199674,0.7275894486534313,1,0,0,0,0,0,0,0,0,0,0,0,0,0,0,0,1
186,0,-0.9093286682807151,1.3877832902972216,-0.5109013763616733,0.7727860943644208,-0.48741393741806377,-0.2360424857743978,2.1700634890606776,1.7772441701023418,0.3333333333333333,0.06247884830656288,0.0,0.3333333333333333,0.0,0.11820626188306502,0.6639557413828269,0.630702870098988,0,0,0,0,0,0,0,0,0,0,0,1,0,0,0,0,1
187,0,0.4690704492685181,-0.5506112457710796,-0.5109013763616733,0.7727860943644208,-0.48741393741806377,-0.2360424857743978,0.024986065562365205,1.6585004311662281,0.6666666666666667,0.0,0.0,0.3333333333333333,0.0,0.11820626188306502,0.47317968590658777,0.6071448321628048,0,0,0,0,0,0,0,1,0,0,0,0,0,0,0,0,1
188,0,0.4690704492685181,1.221404425951359,-0.5109013763616733,0.7727860943644208,-0.48741393741806377,-0.2360424857743978,0.024986065562365205,1.6543193135980554,0.6666666666666667,0.0571160804935829,0.0,0.3333333333333333,0.0,0.11820626188306502,0.47317968590658777,0.6063153237847702,0,0,0,0,0,0,0,1,0,0,0,0,0,0,0,0,1
189,0,-0.9093286682807151,-0.5506112457710796,-0.5109013763616733,0.7727860943644208,-0.48741393741806377,-0.2360424857743978,2.414297882328158,1.6543193135980554,0.3333333333333333,0.0,0.0,0.3333333333333333,0.0,0.11820626188306502,0.6856771364470732,0.6063153237847702,0,0,0,0,0,0,0,1,0,0,0,0,0,0,0,0,1
190,0,0.4690704492685181,-0.5506112457710796,-0.5109013763616733,-1.1964747554307154,-0.48741393741806377,-0.19436182396284576,0.024986065562365205,1.5885363971921331,0.6666666666666667,0.0,0.0,0.0,0.0,0.12720645313712917,0.47317968590658777,0.5932643919703589,1,0,0,0,0,0,0,0,0,0,0,0,0,0,0,0,1
191,0,0.4690704492685181,1.4685497293000676,-0.5109013763616733,0.7727860943644208,-0.48741393741806377,-0.2360424857743978,0.024986065562365205,1.5879789148497099,0.6666666666666667,0.06508213365266967,0.0,0.3333333333333333,0.0,0.11820626188306502,0.47317968590658777,0.5931537908532876,0,0,1,0,0,0,0,0,0,0,0,0,0,0,0,0,1
192,0,0.4690704492685181,-0.5506112457710796,-0.5109013763616733,-1.1964747554307154,-0.48741393741806377,-0.2360424857743978,1.1770729511750493,1.548397668537672,0.6666666666666667,0.0,0.0,0.0,0.0,0.11820626188306502,0.5756424637976748,0.5853011115412265,1,0,0,0,0,0,0,0,0,0,0,0,0,0,0,0,1
193,0,-0.9093286682807151,-0.5506112457710796,-0.5109013763616733,0.7727860943644208,-0.48741393741806377,-0.2360424857743978,3.025170525582856,1.5024053752877684,0.3333333333333333,0.0,0.0,0.3333333333333333,0.0,0.11820626188306502,0.740006118702835,0.5761765193828458,0,0,0,0,0,0,0,1,0,0,0,0,0,0,0,0,1
194,1,0.4690704492685181,-0.5506112457710796,-0.5109013763616733,-1.1964747554307154,1.0196357013903061,-0.19436182396284576,0.024986065562365205,1.4982242577195959,0.6666666666666667,0.0,0.0,0.0,0.125,0.12720645313712917,0.47317968590658777,0.5753470110048111,1,0,0,0,0,0,0,0,0,0,0,0,0,0,1,0,0
195,0,1.8474695668177514,2.5015524841464662,-0.5109013763616733,0.7727860943644208,-0.48741393741806377,-0.2360424857743978,0.8445472514212021,1.4500020351000003,1.0,0.09837815322937547,0.0,0.3333333333333333,0.0,0.11820626188306502,0.5460687334285131,0.5657800143781452,0,0,1,0,0,0,0,0,0,0,0,0,0,0,0,0,1
196,0,1.8474695668177514,-0.5506112457710796,-0.5109013763616733,-1.1964747554307154,-0.48741393741806377,-0.2360424857743978,0.024986065562365205,1.433277564827308,1.0,0.0,0.0,0.0,0.0,0.11820626188306502,0.47317968590658777,0.5624619808660067,0,0,1,0,0,0,0,0,0,0,0,0,0,0,0,0,1
197,0,0.4690704492685181,0.9274145879810001,-0.5109013763616733,0.7727860943644208,-0.48741393741806377,-0.2360424857743978,1.7953987566656089,1.414044424013712,0.6666666666666667,0.0476401218337542,0.0,0.3333333333333333,0.0,0.11820626188306502,0.6306343055272282,0.5586462423270474,0,1,0,0,0,0,0,0,0,0,0,0,0,0,0,0,1
198,0,0.4690704492685181,-0.5506112457710796,-0.5109013763616733,-1.1964747554307154,-0.48741393741806377,-0.2360424857743978,0.024986065562365205,1.381152965810751,0.6666666666666667,0.0,0.0,0.0,0.0,0.11820626188306502,0.47317968590658777,0.5521207764198418,1,0,0,0,0,0,0,0,0,0,0,0,0,0,0,0,1
199,0,0.4690704492685181,-0.5506112457710796,-0.5109013763616733,-1.1964747554307154,-0.48741393741806377,-0.2360424857743978,2.164043627254788,1.2997605438169828,0.6666666666666667,0.0,0.0,0.0,0.0,0.11820626188306502,0.6634203548847644,0.5359730133274346,1,0,0,0,0,0,0,0,0,0,0,0,0,0,0,0,1
200,0,-0.9093286682807151,-0.5506112457710796,-0.5109013763616733,-1.1964747554307154,1.0196357013903061,-0.2360424857743978,1.8836900631519753,1.2782974736336947,0.3333333333333333,0.0,0.0,0.0,0.125,0.11820626188306502,0.6384866408321436,0.5317148703201902,1,0,0,0,0,0,0,0,0,0,0,0,0,1,0,0,0
201,0,-0.9093286682807151,1.872381924314297,-0.5109013763616733,0.7727860943644208,-0.48741393741806377,-0.2360424857743978,0.4521095936944631,1.211678333714138,0.3333333333333333,0.0780985603832036,0.0,0.3333333333333333,0.0,0.11820626188306502,0.5111666326738732,0.5184980368301719,0,0,0,0,0,0,0,1,0,0,0,0,0,0,0,0,1
202,0,-0.9093286682807151,-0.5506112457710796,-0.5109013763616733,0.7727860943644208,-0.48741393741806377,-0.2360424857743978,0.024986065562365205,1.198298757495984,0.3333333333333333,0.0,0.0,0.3333333333333333,0.0,0.11820626188306502,0.47317968590658777,0.5158436100204611,0,0,0,1,0,0,0,0,0,0,0,0,0,0,0,0,1
203,0,0.4690704492685181,-0.5506112457710796,-0.5109013763616733,-1.1964747554307154,-0.48741393741806377,-0.2360424857743978,0.9311185973916002,1.193560157585388,0.6666666666666667,0.0,0.0,0.0,0.0,0.11820626188306502,0.5537681011625535,0.5149035005253553,1,0,0,0,0,0,0,0,0,0,0,0,0,0,0,0,1
204,0,-0.9093286682807151,-0.5506112457710796,-0.5109013763616733,0.7727860943644208,-0.48741393741806377,-0.2360424857743978,0.024986065562365205,1.184361698935407,0.3333333333333333,0.0,0.0,0.3333333333333333,0.0,0.11820626188306502,0.47317968590658777,0.5130785820936791,0,0,0,0,0,0,0,1,0,0,0,0,0,0,0,0,1
205,0,0.4690704492685181,-0.5506112457710796,-0.5109013763616733,0.7727860943644208,-0.48741393741806377,-0.2360424857743978,0.024986065562365205,1.1057566886537544,0.6666666666666667,0.0,0.0,0.3333333333333333,0.0,0.11820626188306502,0.47317968590658777,0.4974838245866283,0,0,1,0,0,0,0,0,0,0,0,0,0,0,0,0,1
206,0,-0.9093286682807151,-0.5506112457710796,-0.5109013763616733,-1.1964747554307154,-0.48741393741806377,-0.2360424857743978,0.024986065562365205,1.0380225840493513,0.3333333333333333,0.0,0.0,0.0,0.0,0.11820626188306502,0.47317968590658777,0.4840457888624675,1,0,0,0,0,0,0,0,0,0,0,0,0,0,0,0,1
207,1,0.4690704492685181,-0.5506112457710796,-0.5109013763616733,-1.1964747554307154,-0.48741393741806377,-0.7834658778418692,0.024986065562365205,2.7007136703261567,0.6666666666666667,0.0,0.0,0.0,0.0,0.0,0.47317968590658777,0.8139136205275672,1,0,0,0,0,0,0,0,0,0,0,0,0,1,0,0,0
208,0,0.4690704492685181,-0.5506112457710796,-0.5109013763616733,-1.1964747554307154,-0.48741393741806377,-0.19436182396284576,3.017717363346994,2.432285922449449,0.6666666666666667,0.0,0.0,0.0,0.0,0.12720645313712917,0.7393432592290434,0.7606591826577448,1,0,0,0,0,0,0,0,0,0,0,0,0,0,0,0,1
209,0,1.8474695668177514,-0.5506112457710796,-0.5109013763616733,-1.1964747554307154,-0.48741393741806377,-0.19436182396284576,0.024986065562365205,2.4225299814570453,1.0,0.0,0.0,0.0,0.0,0.12720645313712917,0.47317968590658777,0.7587236631089974,0,0,1,0,0,0,0,0,0,0,0,0,0,0,0,0,1
210,0,0.4690704492685181,-0.5506112457710796,-0.5109013763616733,-1.1964747554307154,-0.48741393741806377,-0.19436182396284576,3.192866675889753,2.3779313940631996,0.6666666666666667,0.0,0.0,0.0,0.0,0.12720645313712917,0.7549204568631449,0.7498755737432947,1,0,0,0,0,0,0,0,0,0,0,0,0,0,0,0,1
211,0,-0.9093286682807151,-0.5506112457710796,-0.5109013763616733,-1.1964747554307154,-0.48741393741806377,-0.19436182396284576,2.581420712463067,2.3522872063117384,0.3333333333333333,0.0,0.0,0.0,0.0,0.12720645313712917,0.7005404854170916,0.7447879223580157,1,0,0,0,0,0,0,0,0,0,0,0,0,0,0,0,1
212,0,-0.9093286682807151,-0.5506112457710796,-0.5109013763616733,-1.1964747554307154,-0.48741393741806377,-0.19436182396284576,2.478223081504975,2.323298124505739,0.3333333333333333,0.0,0.0,0.0,0.0,0.12720645313712917,0.6913624311645931,0.7390366642703091,1,0,0,0,0,0,0,0,0,0,0,0,0,0,0,0,1
213,0,-0.9093286682807151,-0.5506112457710796,-0.5109013763616733,0.7727860943644208,-0.48741393741806377,-0.022429093990193688,0.024986065562365205,2.3071311365754696,0.3333333333333333,0.0,0.0,0.3333333333333333,0.0,0.16433224206014377,0.47317968590658777,0.7358292318752419,0,0,0,0,0,0,0,1,0,0,0,0,0,0,0,0,1
214,0,-0.9093286682807151,-0.5506112457710796,-0.5109013763616733,0.7727860943644208,-0.48741393741806377,-0.022429093990193688,0.024986065562365205,2.2998838661239698,0.3333333333333333,0.0,0.0,0.3333333333333333,0.0,0.16433224206014377,0.47317968590658777,0.7343914173533153,0,0,0,0,0,0,0,1,0,0,0,0,0,0,0,0,1
215,0,-0.9093286682807151,-0.5506112457710796,-0.5109013763616733,-1.1964747554307154,-0.48741393741806377,-0.19436182396284576,0.024986065562365205,2.299326383781547,0.3333333333333333,0.0,0.0,0.0,0.0,0.12720645313712917,0.47317968590658777,0.734280816236244,1,0,0,0,0,0,0,0,0,0,0,0,0,0,0,0,1
216,0,-0.9093286682807151,-0.5506112457710796,-0.5109013763616733,-1.1964747554307154,-0.48741393741806377,-0.19436182396284576,1.499852208005078,2.2984901602679124,0.3333333333333333,0.0,0.0,0.0,0.0,0.12720645313712917,0.6043493779318785,0.734114914560637,1,0,0,0,0,0,0,0,0,0,0,0,0,0,0,0,1
217,0,0.4690704492685181,-0.5506112457710796,-0.5109013763616733,0.7727860943644208,-0.48741393741806377,-0.022429093990193688,0.024986065562365205,2.2954240073845855,0.6666666666666667,0.0,0.0,0.3333333333333333,0.0,0.16433224206014377,0.47317968590658777,0.733506608416745,0,0,0,0,0,0,0,1,0,0,0,0,0,0,0,0,1
218,0,-0.9093286682807151,-0.5506112457710796,-0.5109013763616733,-1.1964747554307154,-0.48741393741806377,-0.19436182396284576,0.024986065562365205,2.2940303015285277,0.3333333333333333,0.0,0.0,0.0,0.0,0.12720645313712917,0.47317968590658777,0.7332301056240669,1,0,0,0,0,0,0,0,0,0,0,0,0,0,0,0,1
219,0,-0.9093286682807151,-0.5506112457710796,-0.5109013763616733,-1.1964747554307154,-0.48741393741806377,-0.19436182396284576,0.024986065562365205,2.290685407473989,0.3333333333333333,0.0,0.0,0.0,0.0,0.12720645313712917,0.47317968590658777,0.732566498921639,1,0,0,0,0,0,0,0,0,0,0,0,0,0,0,0,1
220,1,0.4690704492685181,0.8975310055499471,-0.5109013763616733,0.7727860943644208,1.0196357013903061,-0.022429093990193688,0.024986065562365205,2.2895704427891435,0.6666666666666667,0.046676906255694685,0.0,0.3333333333333333,0.125,0.16433224206014377,0.47317968590658777,0.7323452966874966,0,0,0,0,0,0,0,1,0,0,0,0,0,0,1,0,0
221,0,0.4690704492685181,2.008069541839078,-0.5109013763616733,0.7727860943644208,-0.48741393741806377,-0.022429093990193688,0.024986065562365205,2.286225548734605,0.6666666666666667,0.082472079764663,0.0,0.3333333333333333,0.0,0.16433224206014377,0.47317968590658777,0.7316816899850688,0,0,0,1,0,0,0,0,0,0,0,0,0,0,0,0,1
222,0,0.4690704492685181,-0.5506112457710796,-0.5109013763616733,-1.1964747554307154,-0.48741393741806377,-0.19436182396284576,2.652512413789751,2.2745184195437207,0.6666666666666667,0.0,0.0,0.0,0.0,0.12720645313712917,0.7068631450132572,0.7293590665265719,1,0,0,0,0,0,0,0,0,0,0,0,0,0,0,0,1
223,0,0.4690704492685181,-0.5506112457710796,-0.5109013763616733,-1.1964747554307154,-0.48741393741806377,-0.19436182396284576,0.024986065562365205,2.2703373019755473,0.6666666666666667,0.0,0.0,0.0,0.0,0.12720645313712917,0.47317968590658777,0.7285295581485373,1,0,0,0,0,0,0,0,0,0,0,0,0,0,0,0,1
224,0,0.4690704492685181,-0.5506112457710796,-0.5109013763616733,-1.1964747554307154,-0.48741393741806377,-0.19436182396284576,2.0834921430902793,2.2661561844073743,0.6666666666666667,0.0,0.0,0.0,0.0,0.12720645313712917,0.6562563736487864,0.7277000497705027,1,0,0,0,0,0,0,0,0,0,0,0,0,0,0,0,1
225,0,1.8474695668177514,-0.5506112457710796,-0.5109013763616733,-1.1964747554307154,-0.48741393741806377,-0.19436182396284576,2.7731963099935175,2.2628112903528357,1.0,0.0,0.0,0.0,0.0,0.12720645313712917,0.7175963695696511,0.7270364430680749,0,0,1,0,0,0,0,0,0,0,0,0,0,0,0,0,1
226,0,0.4690704492685181,-0.5506112457710796,-0.5109013763616733,-1.1964747554307154,-0.48741393741806377,-0.19436182396284576,0.024986065562365205,2.244693114224086,0.6666666666666667,0.0,0.0,0.0,0.0,0.12720645313712917,0.47317968590658777,0.7234419067632583,1,0,0,0,0,0,0,0,0,0,0,0,0,0,0,0,1
227,0,-0.9093286682807151,-0.5506112457710796,-0.5109013763616733,-1.1964747554307154,-0.48741393741806377,-0.19436182396284576,0.024986065562365205,2.231592279177144,0.3333333333333333,0.0,0.0,0.0,0.0,0.12720645313712917,0.47317968590658777,0.7208427805120832,1,0,0,0,0,0,0,0,0,0,0,0,0,0,0,0,1
228,0,-0.9093286682807151,-0.5506112457710796,-0.5109013763616733,-1.1964747554307154,1.0196357013903061,-0.19436182396284576,2.390791755276593,2.225738714581701,0.3333333333333333,0.0,0.0,0.0,0.125,0.12720645313712917,0.6835865796451152,0.7196814687828347,1,0,0,0,0,0,0,0,0,0,0,0,0,1,0,0,0
229,0,-0.9093286682807151,-0.5506112457710796,-0.5109013763616733,-1.1964747554307154,-0.48741393741806377,-0.19436182396284576,1.9883209945400395,2.2237875263832207,0.3333333333333333,0.0,0.0,0.0,0.0,0.12720645313712917,0.6477921680603711,0.7192943648730852,1,0,0,0,0,0,0,0,0,0,0,0,0,0,0,0,1
230,0,0.4690704492685181,-0.5506112457710796,-0.5109013763616733,-1.1964747554307154,-0.48741393741806377,-0.19436182396284576,2.145697381751128,2.2223938205271634,0.6666666666666667,0.0,0.0,0.0,0.0,0.12720645313712917,0.6617887007954313,0.719017862080407,1,0,0,0,0,0,0,0,0,0,0,0,0,0,0,0,1
231,0,-0.9093286682807151,1.9563790208772567,-0.5109013763616733,0.7727860943644208,-0.48741393741806377,-0.022429093990193688,1.8039985592454506,2.211801656021125,0.3333333333333333,0.08080597714315466,0.0,0.3333333333333333,0.0,0.16433224206014377,0.6313991433816031,0.7169164408560527,0,0,0,0,0,0,0,1,0,0,0,0,0,0,0,0,1
232,0,0.4690704492685181,-0.5506112457710796,-0.5109013763616733,-1.1964747554307154,-0.48741393741806377,-0.19436182396284576,1.4815059625014169,2.2098504678226436,0.6666666666666667,0.0,0.0,0.0,0.0,0.12720645313712917,0.6027177238425454,0.716529336946303,1,0,0,0,0,0,0,0,0,0,0,0,0,0,0,0,1
233,0,0.4690704492685181,-0.5506112457710796,-0.5109013763616733,-1.1964747554307154,-0.48741393741806377,-0.19436182396284576,0.024986065562365205,2.208178020795375,0.6666666666666667,0.0,0.0,0.0,0.0,0.12720645313712917,0.47317968590658777,0.7161975335950893,1,0,0,0,0,0,0,0,0,0,0,0,0,0,0,0,1
234,0,-0.9093286682807151,-0.5506112457710796,-0.5109013763616733,-1.1964747554307154,-0.48741393741806377,-0.19436182396284576,2.1614636864808356,2.2048331267408363,0.3333333333333333,0.0,0.0,0.0,0.0,0.12720645313712917,0.6631909035284519,0.7155339268926616,1,0,0,0,0,0,0,0,0,0,0,0,0,0,0,0,1
235,0,0.4690704492685181,-0.5506112457710796,-0.5109013763616733,0.7727860943644208,-0.48741393741806377,-0.022429093990193688,0.024986065562365205,2.2023244561999324,0.6666666666666667,0.0,0.0,0.3333333333333333,0.0,0.16433224206014377,0.47317968590658777,0.7150362218658407,0,0,0,0,0,0,0,1,0,0,0,0,0,0,0,0,1
236,0,0.4690704492685181,1.3893986190772785,-0.5109013763616733,0.7727860943644208,-0.48741393741806377,-0.022429093990193688,0.024986065562365205,2.19451970340601,0.6666666666666667,0.06253091401348501,0.0,0.3333333333333333,0.0,0.16433224206014377,0.47317968590658777,0.7134878062268429,0,0,0,1,0,0,0,0,0,0,0,0,0,0,0,0,1
237,0,-0.9093286682807151,-0.5506112457710796,-0.5109013763616733,-1.1964747554307154,-0.48741393741806377,-0.19436182396284576,0.024986065562365205,2.193962221063587,0.3333333333333333,0.0,0.0,0.0,0.0,0.12720645313712917,0.47317968590658777,0.7133772051097717,1,0,0,0,0,0,0,0,0,0,0,0,0,0,0,0,1
238,0,-0.9093286682807151,-0.5506112457710796,-0.5109013763616733,0.7727860943644208,-0.48741393741806377,-0.19436182396284576,0.024986065562365205,2.191174809351471,0.3333333333333333,0.0,0.0,0.3333333333333333,0.0,0.12720645313712917,0.47317968590658777,0.7128241995244151,0,0,0,1,0,0,0,0,0,0,0,0,0,0,0,0,1
239,1,0.4690704492685181,-0.5506112457710796,-0.5109013763616733,-1.1964747554307154,1.0196357013903061,-0.022429093990193688,0.024986065562365205,2.191174809351471,0.6666666666666667,0.0,0.0,0.0,0.125,0.16433224206014377,0.47317968590658777,0.7128241995244151,0,0,0,0,0,0,0,1,0,0,0,0,0,0,1,0,0
240,0,0.4690704492685181,-0.5506112457710796,-0.5109013763616733,-1.1964747554307154,-0.48741393741806377,-0.19436182396284576,1.8137450021692691,2.182255091872702,0.6666666666666667,0.0,0.0,0.0,0.0,0.12720645313712917,0.6322659596165612,0.7110545816512747,1,0,0,0,0,0,0,0,0,0,0,0,0,0,0,0,1
241,0,-0.9093286682807151,1.092985787936834,1.7563838454123466,-1.1964747554307154,-0.48741393741806377,-0.19436182396284576,0.024986065562365205,2.181418868359067,0.3333333333333333,0.05297685679327311,0.15384615384615385,0.0,0.0,0.12720645313712917,0.47317968590658777,0.7108886799756677,0,0,0,0,0,0,1,0,0,0,0,0,0,0,0,0,1
242,0,-0.9093286682807151,-0.5506112457710796,-0.5109013763616733,-1.1964747554307154,-0.48741393741806377,-0.19436182396284576,0.024986065562365205,2.179188938989375,0.3333333333333333,0.0,0.0,0.0,0.0,0.12720645313712917,0.47317968590658777,0.7104462755073826,0,1,0,0,0,0,0,0,0,0,0,0,0,0,0,0,1
243,0,-0.9093286682807151,-0.5506112457710796,-0.5109013763616733,-1.1964747554307154,-0.48741393741806377,-0.19436182396284576,4.7551641445608475,2.1730566332227212,0.3333333333333333,0.0,0.0,0.0,0.0,0.12720645313712917,0.8938660004079134,0.7092296632195985,1,0,0,0,0,0,0,0,0,0,0,0,0,0,0,0,1
244,0,0.4690704492685181,6.066583101732084,-0.5109013763616733,0.7727860943644208,-0.48741393741806377,-0.022429093990193688,0.024986065562365205,2.161628245203048,0.6666666666666667,0.21328716840652903,0.0,0.3333333333333333,0.0,0.16433224206014377,0.47317968590658777,0.7069623403196371,0,0,0,0,0,0,0,0,0,1,0,0,0,0,0,0,1
245,0,-0.9093286682807151,0.9904124104032199,-0.5109013763616733,0.7727860943644208,-0.48741393741806377,-0.022429093990193688,2.240581870215372,2.1574471276348755,0.3333333333333333,0.04967068440371749,0.0,0.3333333333333333,0.0,0.16433224206014377,0.6702274117887007,0.7061328319416026,0,1,0,0,0,0,0,0,0,0,0,0,0,0,0,0,1
246,1,1.8474695668177514,-0.5506112457710796,-0.5109013763616733,-1.1964747554307154,1.0196357013903061,-0.19436182396284576,0.024986065562365205,2.153544751237914,1.0,0.0,0.0,0.0,0.125,0.12720645313712917,0.47317968590658777,0.7053586241221036,0,0,1,0,0,0,0,0,0,0,0,0,0,0,1,0,0
247,1,-0.9093286682807151,-0.5506112457710796,-0.5109013763616733,-1.1964747554307154,1.0196357013903061,-0.19436182396284576,3.6715890195008956,2.153266010066703,0.3333333333333333,0.0,0.0,0.0,0.125,0.12720645313712917,0.7974964307566795,0.7053033235635681,1,0,0,0,0,0,0,0,0,0,0,0,0,0,1,0,0
248,0,0.4690704492685181,-0.5506112457710796,-0.5109013763616733,-1.1964747554307154,-0.48741393741806377,-0.19436182396284576,0.024986065562365205,2.1513148218682216,0.6666666666666667,0.0,0.0,0.0,0.0,0.12720645313712917,0.47317968590658777,0.7049162196538185,1,0,0,0,0,0,0,0,0,0,0,0,0,0,0,0,1
249,0,0.4690704492685181,-0.5506112457710796,-0.5109013763616733,-1.1964747554307154,-0.48741393741806377,-0.19436182396284576,0.024986065562365205,2.1432313279030875,0.6666666666666667,0.0,0.0,0.0,0.0,0.12720645313712917,0.47317968590658777,0.7033125034562849,1,0,0,0,0,0,0,0,0,0,0,0,0,0,0,0,1
250,0,-0.9093286682807151,-0.5506112457710796,-0.5109013763616733,-1.1964747554307154,-0.48741393741806377,-0.19436182396284576,0.024986065562365205,2.1373777633076454,0.3333333333333333,0.0,0.0,0.0,0.0,0.12720645313712917,0.47317968590658777,0.7021511917270364,1,0,0,0,0,0,0,0,0,0,0,0,0,0,0,0,1
251,0,-0.9093286682807151,-0.5506112457710796,-0.5109013763616733,-1.1964747554307154,-0.48741393741806377,-0.19436182396284576,0.024986065562365205,2.1334753869106837,0.3333333333333333,0.0,0.0,0.0,0.0,0.12720645313712917,0.47317968590658777,0.7013769839075374,1,0,0,0,0,0,0,0,0,0,0,0,0,0,0,0,1
252,0,1.8474695668177514,-0.5506112457710796,-0.5109013763616733,-1.1964747554307154,-0.48741393741806377,-0.022429093990193688,0.024986065562365205,2.117865881322838,1.0,0.0,0.0,0.0,0.0,0.16433224206014377,0.47317968590658777,0.6982801526295416,0,0,1,0,0,0,0,0,0,0,0,0,0,0,0,0,1
253,0,1.8474695668177514,-0.5506112457710796,-0.5109013763616733,0.7727860943644208,-0.48741393741806377,-0.022429093990193688,1.8386844296508087,2.114799728439511,1.0,0.0,0.0,0.3333333333333333,0.0,0.16433224206014377,0.6344839893942484,0.6976718464856495,0,0,1,0,0,0,0,0,0,0,0,0,0,1,0,0,0
254,0,-0.9093286682807151,-0.5506112457710796,-0.5109013763616733,-1.1964747554307154,-0.48741393741806377,-0.19436182396284576,0.024986065562365205,2.111176093213761,0.3333333333333333,0.0,0.0,0.0,0.0,0.12720645313712917,0.47317968590658777,0.6969529392246862,1,0,0,0,0,0,0,0,0,0,0,0,0,0,0,0,1
255,0,-0.9093286682807151,-0.5506112457710796,-0.5109013763616733,0.7727860943644208,-0.48741393741806377,-0.022429093990193688,1.4837992431893745,2.1103398697001263,0.3333333333333333,0.0,0.0,0.3333333333333333,0.0,0.16433224206014377,0.602921680603712,0.6967870375490792,0,0,1,0,0,0,0,0,0,0,0,0,0,0,0,0,1
256,0,0.4690704492685181,-0.5506112457710796,-0.5109013763616733,-1.1964747554307154,-0.48741393741806377,-0.19436182396284576,0.024986065562365205,2.102535116906203,0.6666666666666667,0.0,0.0,0.0,0.0,0.12720645313712917,0.47317968590658777,0.6952386219100812,1,0,0,0,0,0,0,0,0,0,0,0,0,0,0,0,1
257,0,0.4690704492685181,0.2570531442573793,-0.5109013763616733,-1.1964747554307154,-0.48741393741806377,-0.19436182396284576,0.024986065562365205,2.0916642112289527,0.6666666666666667,0.026032853461067866,0.0,0.0,0.0,0.12720645313712917,0.47317968590658777,0.6930819001271912,1,0,0,0,0,0,0,0,0,0,0,0,0,0,0,0,1
258,0,-0.9093286682807151,-0.5506112457710796,-0.5109013763616733,0.7727860943644208,-0.48741393741806377,-0.022429093990193688,0.024986065562365205,2.0490168120335883,0.3333333333333333,0.0,0.0,0.3333333333333333,0.0,0.16433224206014377,0.47317968590658777,0.6846209146712381,0,0,0,1,0,0,0,0,0,0,0,0,0,0,0,0,1
259,0,1.8474695668177514,-0.5506112457710796,-0.5109013763616733,-1.1964747554307154,-0.48741393741806377,-0.19436182396284576,0.024986065562365205,2.043999470951781,1.0,0.0,0.0,0.0,0.0,0.12720645313712917,0.47317968590658777,0.6836255046175966,0,0,1,0,0,0,0,0,0,0,0,0,0,0,0,0,1
260,0,0.4690704492685181,-0.5506112457710796,-0.5109013763616733,0.7727860943644208,-0.48741393741806377,-0.022429093990193688,0.024986065562365205,2.015289130316993,0.6666666666666667,0.0,0.0,0.3333333333333333,0.0,0.16433224206014377,0.47317968590658777,0.6779295470884256,0,0,0,0,0,0,0,1,0,0,0,0,0,0,0,0,1
261,0,-0.9093286682807151,2.1833327144752537,1.7563838454123466,0.7727860943644208,-0.48741393741806377,-0.022429093990193688,0.024986065562365205,2.0088780833791273,0.3333333333333333,0.08812120896571474,0.15384615384615385,0.3333333333333333,0.0,0.16433224206014377,0.47317968590658777,0.6766576342421058,0,0,0,0,0,0,0,1,0,0,0,0,0,0,0,0,1
262,1,-0.9093286682807151,-0.5506112457710796,-0.5109013763616733,-1.1964747554307154,-0.48741393741806377,-0.19436182396284576,0.024986065562365205,1.9745929193201086,0.3333333333333333,0.0,0.0,0.0,0.0,0.12720645313712917,0.47317968590658777,0.669855665542222,1,0,0,0,0,0,0,0,0,0,0,0,0,0,1,0,0
263,0,1.8474695668177514,-0.5506112457710796,-0.5109013763616733,-1.1964747554307154,-0.48741393741806377,-0.19436182396284576,2.7820827726593533,1.9628857901292238,1.0,0.0,0.0,0.0,0.0,0.12720645313712917,0.7183867020191719,0.667533042083725,0,0,1,0,0,0,0,0,0,0,0,0,0,1,0,0,0
264,1,0.4690704492685181,-0.5506112457710796,-0.5109013763616733,-1.1964747554307154,1.0196357013903061,-0.19436182396284576,0.024986065562365205,1.9628857901292238,0.6666666666666667,0.0,0.0,0.0,0.125,0.12720645313712917,0.47317968590658777,0.667533042083725,1,0,0,0,0,0,0,0,0,0,0,0,0,0,1,0,0
265,0,0.4690704492685181,1.872381924314297,-0.5109013763616733,-1.1964747554307154,-0.48741393741806377,-0.19436182396284576,1.021129864393935,1.9308305554398975,0.6666666666666667,0.0780985603832036,0.0,0.0,0.0,0.12720645313712917,0.5617734040383439,0.6611734778521262,0,0,0,0,0,0,0,1,0,0,0,0,0,0,0,0,1
266,0,-0.9093286682807151,1.3070168512943758,-0.5109013763616733,0.7727860943644208,-0.48741393741806377,-0.022429093990193688,0.024986065562365205,1.923862026159609,0.3333333333333333,0.0598755629604561,0.0,0.3333333333333333,0.0,0.16433224206014377,0.47317968590658777,0.6597909638887351,0,1,0,0,0,0,0,0,0,0,0,0,0,0,0,0,1
267,0,-0.9093286682807151,-0.5506112457710796,-0.5109013763616733,-1.1964747554307154,-0.48741393741806377,-0.19436182396284576,2.8159086628067276,1.9076950382293403,0.3333333333333333,0.0,0.0,0.0,0.0,0.12720645313712917,0.7213950642463797,0.6565835314936681,1,0,0,0,0,0,0,0,0,0,0,0,0,0,0,0,1
268,0,0.4690704492685181,-0.5506112457710796,-0.5109013763616733,-1.1964747554307154,-0.48741393741806377,-0.022429093990193688,0.024986065562365205,1.9138273439959943,0.6666666666666667,0.0,0.0,0.0,0.0,0.16433224206014377,0.47317968590658777,0.6578001437814522,0,0,0,0,0,0,0,1,0,0,0,0,0,0,0,0,1
269,0,1.8474695668177514,-0.5506112457710796,-0.5109013763616733,-1.1964747554307154,1.0196357013903061,-0.19436182396284576,0.024986065562365205,1.899611544264206,1.0,0.0,0.0,0.0,0.125,0.12720645313712917,0.47317968590658777,0.6549798152961345,0,0,1,0,0,0,0,0,0,0,0,0,0,0,0,0,1
270,0,1.8474695668177514,-0.5506112457710796,-0.5109013763616733,0.7727860943644208,1.0196357013903061,-0.022429093990193688,0.024986065562365205,1.8943154620111868,1.0,0.0,0.0,0.3333333333333333,0.125,0.16433224206014377,0.47317968590658777,0.6539291046839573,0,0,1,0,0,0,0,0,0,0,0,0,0,0,0,0,1
271,0,-0.9093286682807151,-0.5506112457710796,-0.5109013763616733,-1.1964747554307154,-0.48741393741806377,-0.19436182396284576,0.024986065562365205,1.8867894503884755,0.3333333333333333,0.0,0.0,0.0,0.0,0.12720645313712917,0.47317968590658777,0.6524359896034949,1,0,0,0,0,0,0,0,0,0,0,0,0,0,0,0,1
272,0,0.4690704492685181,-0.5506112457710796,-0.5109013763616733,0.7727860943644208,-0.48741393741806377,-0.022429093990193688,0.024986065562365205,1.8728523918278983,0.6666666666666667,0.0,0.0,0.3333333333333333,0.0,0.16433224206014377,0.47317968590658777,0.6496709616767129,0,0,0,0,0,0,0,1,0,0,0,0,0,0,0,0,1
273,0,-0.9093286682807151,-0.5506112457710796,-0.5109013763616733,0.7727860943644208,-0.48741393741806377,-0.022429093990193688,0.024986065562365205,1.8689500154309373,0.3333333333333333,0.0,0.0,0.3333333333333333,0.0,0.16433224206014377,0.47317968590658777,0.6488967538572139,0,0,0,0,0,0,0,1,0,0,0,0,0,0,0,0,1
274,0,-0.9093286682807151,2.3577882227214007,-0.5109013763616733,0.7727860943644208,-0.48741393741806377,-0.022429093990193688,0.024986065562365205,1.864768897862764,0.3333333333333333,0.0937443053133054,0.0,0.3333333333333333,0.0,0.16433224206014377,0.47317968590658777,0.6480672454791794,0,0,1,0,0,0,0,0,0,0,0,0,0,0,0,0,1
275,0,0.4690704492685181,1.4540117702795552,-0.5109013763616733,0.7727860943644208,-0.48741393741806377,-0.022429093990193688,0.024986065562365205,1.8572428862400525,0.6666666666666667,0.06461354229037045,0.0,0.3333333333333333,0.0,0.16433224206014377,0.47317968590658777,0.646574130398717,0,0,0,0,1,0,0,0,0,0,0,0,0,0,0,0,1
276,0,-0.9093286682807151,-0.5506112457710796,-0.5109013763616733,-1.1964747554307154,-0.48741393741806377,0.03488181600069034,2.5539013442075746,1.8552916980415721,0.3333333333333333,0.0,0.0,0.0,0.0,0.176707505034482,0.698093004283092,0.6461870264889675,0,0,0,0,0,0,0,1,0,0,0,0,0,0,0,0,1
277,0,-0.9093286682807151,-0.5506112457710796,-0.5109013763616733,-1.1964747554307154,-0.48741393741806377,-0.19436182396284576,1.7965453970095886,1.8296475102901109,0.3333333333333333,0.0,0.0,0.0,0.0,0.12720645313712917,0.6307362839078116,0.6410993751036885,1,0,0,0,0,0,0,0,0,0,0,0,0,0,0,0,1
278,0,0.4690704492685181,-0.5506112457710796,-0.5109013763616733,-1.1964747554307154,-0.48741393741806377,-0.19436182396284576,0.024986065562365205,1.8162679340719574,0.6666666666666667,0.0,0.0,0.0,0.0,0.12720645313712917,0.47317968590658777,0.6384449482939778,1,0,0,0,0,0,0,0,0,0,0,0,0,0,0,0,1
279,0,-0.9093286682807151,1.2456343576522129,1.7563838454123466,0.7727860943644208,-0.48741393741806377,-0.022429093990193688,0.024986065562365205,1.7992647226280531,0.3333333333333333,0.057897066097414934,0.15384615384615385,0.3333333333333333,0.0,0.16433224206014377,0.47317968590658777,0.6350716142233036,0,0,0,0,0,0,0,0,0,0,1,0,0,0,0,0,1
280,0,0.4690704492685181,-0.5506112457710796,-0.5109013763616733,-1.1964747554307154,-0.48741393741806377,-0.022429093990193688,0.024986065562365205,1.7928536756901883,0.6666666666666667,0.0,0.0,0.0,0.0,0.16433224206014377,0.47317968590658777,0.6337997013769839,0,0,0,0,0,0,0,1,0,0,0,0,0,0,0,0,1
281,0,-0.9093286682807151,0.9710284650425368,-0.5109013763616733,0.7727860943644208,-0.48741393741806377,-0.022429093990193688,0.024986065562365205,1.7867213699235345,0.3333333333333333,0.04904589592065186,0.0,0.3333333333333333,0.0,0.16433224206014377,0.47317968590658777,0.6325830890891998,0,0,0,0,0,0,0,0,0,1,0,0,0,0,0,0,1
282,0,-0.9093286682807151,-0.5506112457710796,-0.5109013763616733,-1.1964747554307154,-0.48741393741806377,-0.19436182396284576,1.2544711743936172,1.7772441701023418,0.3333333333333333,0.0,0.0,0.0,0.0,0.12720645313712917,0.5825260044870487,0.630702870098988,1,0,0,0,0,0,0,0,0,0,0,0,0,0,0,0,1
283,0,-0.9093286682807151,-0.5506112457710796,-0.5109013763616733,0.7727860943644208,-0.48741393741806377,-0.022429093990193688,0.024986065562365205,1.767488229109938,0.3333333333333333,0.0,0.0,0.3333333333333333,0.0,0.16433224206014377,0.47317968590658777,0.6287673505502405,0,0,1,0,0,0,0,0,0,0,0,0,0,0,0,0,1
284,0,0.4690704492685181,-0.5506112457710796,-0.5109013763616733,0.7727860943644208,-0.48741393741806377,-0.022429093990193688,1.1607333262733517,1.7596834763160156,0.6666666666666667,0.0,0.0,0.3333333333333333,0.0,0.16433224206014377,0.5741892718743626,0.6272189349112426,0,0,0,0,0,0,0,1,0,0,0,0,0,0,0,0,1
285,0,-0.9093286682807151,-0.5506112457710796,-0.5109013763616733,-1.1964747554307154,-0.48741393741806377,-0.19436182396284576,2.0665791980165915,1.7555023587478422,0.3333333333333333,0.0,0.0,0.0,0.0,0.12720645313712917,0.6547521925351825,0.626389426533208,1,0,0,0,0,0,0,0,0,0,0,0,0,0,0,0,1
286,0,-0.9093286682807151,-0.5506112457710796,-0.5109013763616733,0.7727860943644208,-0.48741393741806377,-0.022429093990193688,1.4290471667643876,1.7524362058645153,0.3333333333333333,0.0,0.0,0.3333333333333333,0.0,0.16433224206014377,0.5980522129308586,0.6257811203893159,0,0,0,0,0,0,0,0,0,0,0,1,0,0,0,0,1
287,0,0.4690704492685181,-0.5506112457710796,-0.5109013763616733,0.7727860943644208,-0.48741393741806377,-0.022429093990193688,1.5422779007322922,1.7345967709069772,0.6666666666666667,0.0,0.0,0.3333333333333333,0.0,0.16433224206014377,0.608122578013461,0.6222418846430349,0,0,0,0,0,0,0,1,0,0,0,0,0,0,0,0,1
288,0,0.4690704492685181,0.9362988962713131,1.7563838454123466,0.7727860943644208,-0.48741393741806377,-0.022429093990193688,1.1693331288531925,1.7231683828873041,0.6666666666666667,0.047926483221825945,0.15384615384615385,0.3333333333333333,0.0,0.16433224206014377,0.5749541097287375,0.6199745617430735,0,0,0,0,0,0,0,1,0,0,0,0,0,0,0,0,1
289,0,-2.2877277858299485,-0.5506112457710796,-0.5109013763616733,-1.1964747554307154,4.992766567339645,-0.19436182396284576,0.024986065562365205,1.7189872653191314,0.0,0.0,0.0,0.0,0.4545454545454546,0.12720645313712917,0.47317968590658777,0.619145053365039,1,0,0,0,0,0,0,0,0,0,0,0,0,0,0,0,1
290,0,0.4690704492685181,-0.5506112457710796,-0.5109013763616733,-1.1964747554307154,-0.48741393741806377,-0.19436182396284576,2.3096669509400938,1.7142486654085352,0.6666666666666667,0.0,0.0,0.0,0.0,0.12720645313712917,0.6763716092188455,0.6182049438699331,1,0,0,0,0,0,0,0,0,0,0,0,0,0,0,0,1
291,0,-0.9093286682807151,-0.5506112457710796,-0.5109013763616733,0.7727860943644208,-0.48741393741806377,-0.022429093990193688,0.024986065562365205,1.6947367834237277,0.3333333333333333,0.0,0.0,0.3333333333333333,0.0,0.16433224206014377,0.47317968590658777,0.6143339047724381,0,0,0,0,0,0,0,1,0,0,0,0,0,0,0,0,1
292,0,-0.9093286682807151,-0.5506112457710796,-0.5109013763616733,0.7727860943644208,-0.48741393741806377,-0.022429093990193688,1.657228595216165,1.6894407011707087,0.3333333333333333,0.0,0.0,0.3333333333333333,0.0,0.16433224206014377,0.6183459106669386,0.613283194160261,0,0,0,0,0,0,0,1,0,0,0,0,0,0,0,0,1
293,0,0.4690704492685181,1.4313971673587584,1.7563838454123466,-1.1964747554307154,-0.48741393741806377,-0.19436182396284576,0.024986065562365205,1.6755036426101322,0.6666666666666667,0.06388462239346054,0.15384615384615385,0.0,0.0,0.12720645313712917,0.47317968590658777,0.610518166233479,0,0,0,0,0,0,1,0,0,0,0,0,0,0,0,0,1
294,0,-0.9093286682807151,-0.5506112457710796,-0.5109013763616733,-1.1964747554307154,1.0196357013903061,-0.7834658778418692,0.024986065562365205,1.6643539957616702,0.3333333333333333,0.0,0.0,0.0,0.125,0.0,0.47317968590658777,0.6083061438920533,1,0,0,0,0,0,0,0,0,0,0,0,0,0,0,0,1
295,1,0.4690704492685181,-0.5506112457710796,-0.5109013763616733,-1.1964747554307154,1.0196357013903061,-0.022429093990193688,2.433790768175797,1.6640752545904591,0.6666666666666667,0.0,0.0,0.0,0.125,0.16433224206014377,0.6874107689169895,0.6082508433335176,1,0,0,0,0,0,0,0,0,0,0,0,0,0,1,0,0
296,0,0.4690704492685181,-0.5506112457710796,-0.5109013763616733,-1.1964747554307154,-0.48741393741806377,-0.19436182396284576,2.8594809958779215,1.6406609962086902,0.6666666666666667,0.0,0.0,0.0,0.0,0.12720645313712917,0.7252702427085458,0.6036055964165238,1,0,0,0,0,0,0,0,0,0,0,0,0,0,0,0,1
297,0,-0.9093286682807151,-0.5506112457710796,-0.5109013763616733,-1.1964747554307154,-0.48741393741806377,-0.19436182396284576,1.4832259230173852,1.6370373609829403,0.3333333333333333,0.0,0.0,0.0,0.0,0.12720645313712917,0.6028706914134203,0.6028866891555604,1,0,0,0,0,0,0,0,0,0,0,0,0,0,0,0,1
298,0,1.8474695668177514,-0.5506112457710796,-0.5109013763616733,0.7727860943644208,-0.48741393741806377,-0.06410975580174572,0.024986065562365205,2.5716565080552165,1.0,0.0,0.0,0.3333333333333333,0.0,0.15533205080607962,0.47317968590658777,0.7883094619255654,0,0,1,0,0,0,0,0,0,0,0,0,0,0,0,0,1
299,0,-0.9093286682807151,2.1445648237538877,-0.5109013763616733,0.7727860943644208,-0.48741393741806377,0.08698264326513036,0.024986065562365205,2.5008562505674865,0.3333333333333333,0.08687163199958348,0.0,0.3333333333333333,0.0,0.18795774410206217,0.47317968590658777,0.7742631200575125,0,0,0,0,0,0,0,1,0,0,0,0,0,0,0,0,1
300,0,-0.9093286682807151,1.4685497293000676,-0.5109013763616733,0.7727860943644208,-0.48741393741806377,-0.2152021548686218,0.024986065562365205,2.490821568403871,0.3333333333333333,0.06508213365266967,0.0,0.3333333333333333,0.0,0.12270635751009709,0.47317968590658777,0.7722722999502294,0,0,0,0,0,0,1,0,0,0,0,0,0,0,0,0,1
